event_id,store_id,campaign_id,product_code,base_price(before_promo),quantity_sold(before_promo),promo_type,base_price(after_promo),quantity_sold(after_promo)
8481be,STCHE-1,CAMP_DIW_01,P04,290,327.0,25% OFF,217,287
20618e,STCHE-3,CAMP_SAN_01,P04,370,379.0,BOGOF,185,1622
f30579,STBLR-9,CAMP_DIW_01,P02,860,337.0,33% OFF,576,488
4f570c,STBLR-7,CAMP_DIW_01,P05,55,122.0,25% OFF,41,107
6d153f,STHYD-5,CAMP_SAN_01,P15,3000,122.0,500 Cashback,2500,272
87564a,STCHE-6,CAMP_DIW_01,P04,290,346.0,25% OFF,217,269
6bbadf,STHYD-1,CAMP_DIW_01,P14,1020,43.0,BOGOF,510,127
6.88E+10,STVJD-0,CAMP_SAN_01,P08,1190,22.0,BOGOF,595,88
66c422,STBLR-5,CAMP_DIW_01,P07,300,66.0,BOGOF,150,227
108d5a,STCBE-0,CAMP_DIW_01,P14,1020,29.0,BOGOF,510,101
a7fecb,STBLR-1,CAMP_SAN_01,P03,200,361.0,BOGOF,100,963
d04bc1,STCBE-0,CAMP_SAN_01,P09,90,49.0,25% OFF,67,46
ed7b12,STVSK-0,CAMP_SAN_01,P10,50,16.0,25% OFF,37,13
e7d681,STCHE-5,CAMP_DIW_01,P13,350,66.0,BOGOF,175,226
02ebe9,STBLR-8,CAMP_DIW_01,P11,190,66.0,50% OFF,95,88
4b3df6,STTRV-1,CAMP_SAN_01,P14,1020,61.0,BOGOF,510,234
e0ef00,STBLR-9,CAMP_SAN_01,P03,200,309.0,BOGOF,100,1226
90110c,STHYD-0,CAMP_SAN_01,P04,370,412.0,BOGOF,185,1615
a2d32f,STVSK-3,CAMP_SAN_01,P09,90,39.0,25% OFF,67,31
08086d,STBLR-7,CAMP_DIW_01,P10,65,120.0,50% OFF,32,188
465ef1,STCHE-4,CAMP_DIW_01,P04,290,304.0,25% OFF,217,273
fa1dd3,STCHE-3,CAMP_SAN_01,P15,3000,127.0,500 Cashback,2500,367
92151c,STMDU-3,CAMP_SAN_01,P10,50,25.0,25% OFF,37,20
31c430,STHYD-1,CAMP_SAN_01,P01,172,312.0,33% OFF,115,393
42fb76,STHYD-5,CAMP_DIW_01,P10,65,112.0,50% OFF,32,151
9d3d1f,STCHE-6,CAMP_SAN_01,P15,3000,147.0,500 Cashback,2500,320
57d06d,STCBE-1,CAMP_SAN_01,P09,90,54.0,25% OFF,67,39
ba86f4,STVSK-1,CAMP_DIW_01,P13,350,61.0,BOGOF,175,204
decd5e,STMDU-2,CAMP_SAN_01,P10,50,21.0,25% OFF,37,17
a0da88,STMLR-2,CAMP_DIW_01,P03,156,204.0,25% OFF,117,175
67820e,STBLR-0,CAMP_SAN_01,P10,50,31.0,25% OFF,37,25
97ad03,STCBE-1,CAMP_SAN_01,P02,860,379.0,33% OFF,576,462
d04921,STMLR-1,CAMP_DIW_01,P10,65,50.0,50% OFF,32,68
029ff8,STMLR-0,CAMP_SAN_01,P01,172,169.0,33% OFF,115,236
b4867e,STCHE-6,CAMP_SAN_01,P11,190,57.0,50% OFF,95,79
7f6f08,STBLR-7,CAMP_SAN_01,P05,55,24.0,25% OFF,41,20
b8f698,STMDU-3,CAMP_DIW_01,P10,65,68.0,50% OFF,32,76
debbd7,STCBE-0,CAMP_SAN_01,P11,190,45.0,50% OFF,95,72
5.23E+42,STCHE-5,CAMP_DIW_01,P15,3000,388.0,500 Cashback,2500,1187
911349,STHYD-0,CAMP_DIW_01,P15,3000,397.0,500 Cashback,2500,1214
46d57b,STBLR-9,CAMP_DIW_01,P13,350,94.0,BOGOF,175,329
9acae6,STMYS-0,CAMP_DIW_01,P05,55,73.0,25% OFF,41,65
a216f7,STCBE-2,CAMP_DIW_01,P06,415,77.0,25% OFF,311,68
607c9d,STCHE-2,CAMP_SAN_01,P02,860,556.0,33% OFF,576,711
5.80E+27,STMYS-2,CAMP_DIW_01,P07,300,73.0,BOGOF,150,215
291ddf,STCBE-1,CAMP_SAN_01,P03,200,267.0,BOGOF,100,1054
dc07e1,STMYS-2,CAMP_SAN_01,P06,415,31.0,25% OFF,311,26
1b1cf1,STBLR-8,CAMP_DIW_01,P09,110,61.0,50% OFF,55,77
e2abd2,STCHE-3,CAMP_DIW_01,P09,110,73.0,50% OFF,55,92
2384f8,STMYS-0,CAMP_DIW_01,P09,110,70.0,50% OFF,55,87
9c74f7,STBLR-9,CAMP_DIW_01,P09,110,71.0,50% OFF,55,90
b76f57,STBLR-8,CAMP_DIW_01,P13,350,66.0,BOGOF,175,220
f32df2,STHYD-6,CAMP_DIW_01,P04,290,390.0,25% OFF,217,339
078a6a,STMDU-0,CAMP_SAN_01,P09,90,57.0,25% OFF,67,47
35e1c7,STBLR-1,CAMP_DIW_01,P14,1020,54.0,BOGOF,510,169
ff02ae,STCBE-3,CAMP_DIW_01,P11,190,66.0,50% OFF,95,102
2177f8,STMDU-0,CAMP_DIW_01,P04,290,234.0,25% OFF,217,208
802b3c,STBLR-1,CAMP_DIW_01,P15,3000,369.0,500 Cashback,2500,1007
6aae63,STMYS-2,CAMP_DIW_01,P13,350,63.0,BOGOF,175,189
dc2bb1,STMYS-3,CAMP_SAN_01,P02,860,400.0,33% OFF,576,476
60170c,STHYD-4,CAMP_DIW_01,P08,1190,63.0,BOGOF,595,208
bd3f78,STHYD-0,CAMP_DIW_01,P11,190,68.0,50% OFF,95,104
eb4f04,STMLR-0,CAMP_SAN_01,P15,3000,54.0,500 Cashback,2500,89
70c312,STHYD-4,CAMP_SAN_01,P13,350,78.0,BOGOF,175,534
9779b0,STVSK-2,CAMP_DIW_01,P10,65,85.0,50% OFF,32,128
7641,STBLR-1,CAMP_SAN_01,P14,1020,97.0,BOGOF,510,257
4dca21,STVSK-1,CAMP_SAN_01,P04,370,252.0,BOGOF,185,985
aa76f1,STHYD-0,CAMP_SAN_01,P11,190,42.0,50% OFF,95,65
d42636,STBLR-6,CAMP_SAN_01,P05,55,25.0,25% OFF,41,20
c6693c,STBLR-1,CAMP_SAN_01,P04,370,413.0,BOGOF,185,1102
34395c,STBLR-0,CAMP_DIW_01,P15,3000,434.0,500 Cashback,2500,1514
f23d14,STHYD-1,CAMP_SAN_01,P05,55,25.0,25% OFF,41,21
8.25E+90,STBLR-3,CAMP_DIW_01,P05,55,112.0,25% OFF,41,88
ed0d01,STBLR-2,CAMP_DIW_01,P12,62,108.0,50% OFF,31,145
fad26a,STCHE-3,CAMP_DIW_01,P01,172,369.0,33% OFF,115,546
e88818,STCHE-7,CAMP_DIW_01,P06,415,82.0,25% OFF,311,79
b110d3,STCBE-3,CAMP_SAN_01,P06,415,18.0,25% OFF,311,14
6ed2f5,STBLR-4,CAMP_DIW_01,P13,350,84.0,BOGOF,175,285
4236be,STTRV-0,CAMP_SAN_01,P14,1020,70.0,BOGOF,510,280
268ca2,STVJD-0,CAMP_SAN_01,P15,3000,63.0,500 Cashback,2500,151
06c981,STHYD-2,CAMP_DIW_01,P14,1020,42.0,BOGOF,510,139
b6b840,STCBE-1,CAMP_DIW_01,P02,860,244.0,33% OFF,576,312
8829ef,STCBE-0,CAMP_SAN_01,P12,62,39.0,50% OFF,31,61
41d6bd,STCHE-1,CAMP_SAN_01,P03,200,424.0,BOGOF,100,1127
d2a08d,STCHE-5,CAMP_DIW_01,P10,65,141.0,50% OFF,32,157
8b729b,STMDU-2,CAMP_SAN_01,P02,860,319.0,33% OFF,576,379
223d36,STMYS-0,CAMP_DIW_01,P10,65,129.0,50% OFF,32,167
85e08f,STVSK-4,CAMP_DIW_01,P08,1190,50.0,BOGOF,595,152
1e9a06,STCHE-4,CAMP_DIW_01,P13,350,84.0,BOGOF,175,338
861506,STCHE-6,CAMP_DIW_01,P03,156,334.0,25% OFF,117,260
fedf26,STMLR-2,CAMP_SAN_01,P10,50,19.0,25% OFF,37,15
ce95b1,STCHE-2,CAMP_DIW_01,P12,62,119.0,50% OFF,31,138
2e3594,STMDU-0,CAMP_DIW_01,P13,350,61.0,BOGOF,175,237
46021e,STCHE-1,CAMP_SAN_01,P07,300,31.0,BOGOF,150,79
8e97d1,STBLR-7,CAMP_SAN_01,P09,90,72.0,25% OFF,67,58
716abd,STMYS-1,CAMP_SAN_01,P08,1190,54.0,BOGOF,595,238
413f48,STVSK-0,CAMP_SAN_01,P14,1020,61.0,BOGOF,510,234
aa6972,STMDU-0,CAMP_DIW_01,P12,62,103.0,50% OFF,31,131
c8ce63,STMDU-0,CAMP_DIW_01,P15,3000,369.0,500 Cashback,2500,1221
3968a6,STMYS-3,CAMP_SAN_01,P05,55,19.0,25% OFF,41,16
166989,STCBE-1,CAMP_SAN_01,P01,172,169.0,33% OFF,115,206
ffb109,STVSK-2,CAMP_DIW_01,P15,3000,204.0,500 Cashback,2500,589
ff43bf,STHYD-2,CAMP_DIW_01,P11,190,91.0,50% OFF,95,116
dee3e9,STCBE-0,CAMP_SAN_01,P03,200,384.0,BOGOF,100,1509
b9b7dd,STBLR-3,CAMP_DIW_01,P12,62,126.0,50% OFF,31,157
3c0536,STBLR-4,CAMP_SAN_01,P03,200,415.0,BOGOF,100,1622
4a5884,STHYD-0,CAMP_SAN_01,P12,62,57.0,50% OFF,31,90
a80b87,STVSK-0,CAMP_DIW_01,P11,190,49.0,50% OFF,95,76
feadc3,STCBE-0,CAMP_SAN_01,P05,55,21.0,25% OFF,41,19
61b929,STVSK-2,CAMP_DIW_01,P14,1020,33.0,BOGOF,510,109
1824c2,STHYD-6,CAMP_SAN_01,P12,62,67.0,50% OFF,31,93
e025ee,STVSK-1,CAMP_SAN_01,P07,300,27.0,BOGOF,150,107
3cb389,STCHE-6,CAMP_DIW_01,P01,172,309.0,33% OFF,115,460
d304f9,STCHE-5,CAMP_DIW_01,P04,290,309.0,25% OFF,217,268
a9d059,STCHE-7,CAMP_DIW_01,P14,1020,50.0,BOGOF,510,202
583386,STBLR-9,CAMP_SAN_01,P08,1190,63.0,BOGOF,595,254
93118f,STVSK-0,CAMP_SAN_01,P03,200,261.0,BOGOF,100,1041
21a8a0,STBLR-4,CAMP_SAN_01,P01,172,286.0,33% OFF,115,394
d31787,STMYS-2,CAMP_SAN_01,P10,50,78.0,25% OFF,37,20
e918c8,STBLR-4,CAMP_SAN_01,P09,90,66.0,25% OFF,67,56
b999c5,STMYS-2,CAMP_SAN_01,P03,200,406.0,BOGOF,100,1015
627200,STCBE-4,CAMP_DIW_01,P14,1020,36.0,BOGOF,510,111
ffdcb8,STHYD-6,CAMP_SAN_01,P02,860,454.0,33% OFF,576,644
ef7122,STMLR-1,CAMP_DIW_01,P15,3000,211.0,500 Cashback,2500,614
4b515c,STVJD-1,CAMP_SAN_01,P02,860,274.0,33% OFF,576,394
4ad12b,STBLR-4,CAMP_DIW_01,P15,3000,407.0,500 Cashback,2500,1245
353060,STBLR-7,CAMP_SAN_01,P11,190,45.0,50% OFF,95,73
6f3721,STMDU-3,CAMP_SAN_01,P13,350,118.0,BOGOF,175,464
0d70f7,STVSK-2,CAMP_DIW_01,P01,172,210.0,33% OFF,115,367
d58c29,STVSK-2,CAMP_SAN_01,P08,1190,27.0,BOGOF,595,107
70e65e,STCBE-0,CAMP_DIW_01,P15,3000,320.0,500 Cashback,2500,937
35701b,STVJD-0,CAMP_DIW_01,P04,290,192.0,25% OFF,217,188
f199be,STBLR-6,CAMP_DIW_01,P06,415,87.0,25% OFF,311,78
0a453f,STMYS-0,CAMP_DIW_01,P03,156,301.0,25% OFF,117,264
62769f,STMDU-3,CAMP_SAN_01,P05,55,16.0,25% OFF,41,12
f6aa36,STVSK-3,CAMP_DIW_01,P06,415,63.0,25% OFF,311,54
261bd6,STCHE-0,CAMP_DIW_01,P02,860,308.0,33% OFF,576,452
191614,STMYS-3,CAMP_DIW_01,P10,65,103.0,50% OFF,32,109
a672df,STMDU-1,CAMP_SAN_01,P12,62,36.0,50% OFF,31,49
870b25,STMYS-0,CAMP_SAN_01,P04,370,418.0,BOGOF,185,1116
141d98,STCHE-4,CAMP_SAN_01,P03,200,78.0,BOGOF,100,1695
1fa488,STVJD-0,CAMP_DIW_01,P07,300,31.0,BOGOF,150,105
1274dc,STCBE-4,CAMP_DIW_01,P09,110,54.0,50% OFF,55,68
bcbc28,STVSK-1,CAMP_DIW_01,P02,860,253.0,33% OFF,576,389
269cec,STBLR-6,CAMP_SAN_01,P02,860,532.0,33% OFF,576,813
fb2c04,STVSK-0,CAMP_SAN_01,P08,1190,28.0,BOGOF,595,108
2.70E+61,STHYD-1,CAMP_DIW_01,P05,55,110.0,25% OFF,41,96
2b0a40,STHYD-2,CAMP_DIW_01,P13,350,82.0,BOGOF,175,273
6d343d,STHYD-6,CAMP_DIW_01,P12,62,133.0,50% OFF,31,167
df380c,STBLR-5,CAMP_SAN_01,P05,55,25.0,25% OFF,41,21
e67501,STVSK-4,CAMP_SAN_01,P13,350,85.0,BOGOF,175,215
bdf2b8,STVJD-1,CAMP_DIW_01,P12,62,56.0,50% OFF,31,71
6c1493,STVJD-1,CAMP_SAN_01,P15,3000,66.0,500 Cashback,2500,144
6846a8,STVSK-0,CAMP_DIW_01,P04,290,201.0,25% OFF,217,174
a35a4f,STCHE-6,CAMP_DIW_01,P10,65,122.0,50% OFF,32,153
86206,STHYD-1,CAMP_SAN_01,P14,1020,102.0,BOGOF,510,279
4ca50a,STHYD-3,CAMP_DIW_01,P08,1190,50.0,BOGOF,595,156
04da18,STVSK-4,CAMP_SAN_01,P03,200,223.0,BOGOF,100,604
e97ac0,STTRV-0,CAMP_SAN_01,P12,62,22.0,50% OFF,31,30
c25b15,STHYD-6,CAMP_DIW_01,P07,300,63.0,BOGOF,150,218
793873,STVSK-2,CAMP_DIW_01,P03,156,248.0,25% OFF,117,225
aa1bbd,STCBE-0,CAMP_SAN_01,P10,50,25.0,25% OFF,37,22
873333,STMLR-0,CAMP_DIW_01,P15,3000,78.0,500 Cashback,2500,509
eb967c,STMYS-1,CAMP_SAN_01,P15,3000,133.0,500 Cashback,2500,383
b17786,STMLR-0,CAMP_SAN_01,P13,350,63.0,BOGOF,175,163
db76f3,STBLR-0,CAMP_DIW_01,P01,172,294.0,33% OFF,115,438
31b59d,STVSK-3,CAMP_SAN_01,P10,50,27.0,25% OFF,37,21
902903,STVSK-2,CAMP_DIW_01,P13,350,49.0,BOGOF,175,164
0ffbbc,STTRV-1,CAMP_SAN_01,P09,90,30.0,25% OFF,67,28
ad783e,STCHE-4,CAMP_SAN_01,P10,50,30.0,25% OFF,37,25
f63299,STVSK-0,CAMP_DIW_01,P02,860,301.0,33% OFF,576,526
66b476,STBLR-6,CAMP_DIW_01,P10,65,103.0,50% OFF,32,160
a6a18f,STHYD-6,CAMP_SAN_01,P06,415,34.0,25% OFF,311,27
933f7e,STCHE-7,CAMP_DIW_01,P07,300,71.0,BOGOF,150,282
0efde2,STCHE-7,CAMP_SAN_01,P03,200,448.0,BOGOF,100,1895
41cb8f,STBLR-6,CAMP_DIW_01,P03,156,402.0,25% OFF,117,353
fdd666,STMLR-0,CAMP_DIW_01,P06,415,38.0,25% OFF,311,33
87bb82,STCBE-0,CAMP_SAN_01,P15,3000,126.0,500 Cashback,2500,275
e2f6b2,STCHE-1,CAMP_DIW_01,P15,3000,316.0,500 Cashback,2500,859
7ef92f,STHYD-5,CAMP_SAN_01,P07,300,55.0,BOGOF,150,213
3ea7d6,STMYS-0,CAMP_SAN_01,P15,3000,105.0,500 Cashback,2500,173
221da2,STCBE-3,CAMP_SAN_01,P15,3000,91.0,500 Cashback,2500,211
4f255c,STHYD-1,CAMP_SAN_01,P08,1190,52.0,BOGOF,595,134
20d916,STCBE-1,CAMP_DIW_01,P07,300,57.0,BOGOF,150,188
1192bc,STCBE-4,CAMP_DIW_01,P11,190,59.0,50% OFF,95,79
0d853d,STHYD-4,CAMP_SAN_01,P02,860,594.0,33% OFF,576,819
667c78,STVSK-4,CAMP_SAN_01,P01,172,223.0,33% OFF,115,301
3100ef,STBLR-5,CAMP_SAN_01,P09,90,67.0,25% OFF,67,56
49e9ea,STHYD-2,CAMP_SAN_01,P04,370,415.0,BOGOF,185,1672
ab6327,STHYD-1,CAMP_SAN_01,P04,370,444.0,BOGOF,185,1123
950a84,STBLR-9,CAMP_SAN_01,P11,190,52.0,50% OFF,95,73
680acd,STHYD-3,CAMP_SAN_01,P11,190,46.0,50% OFF,95,73
4ab9ba,STTRV-1,CAMP_SAN_01,P01,172,165.0,33% OFF,115,232
73564c,STBLR-5,CAMP_SAN_01,P11,190,43.0,50% OFF,95,63
23ef05,STVSK-0,CAMP_DIW_01,P12,62,78.0,50% OFF,31,121
0a4160,STCHE-7,CAMP_DIW_01,P03,156,330.0,25% OFF,117,323
7b0f7d,STVJD-1,CAMP_DIW_01,P01,172,180.0,33% OFF,115,255
1f083a,STVJD-0,CAMP_SAN_01,P06,415,16.0,25% OFF,311,14
60ba75,STVJD-0,CAMP_SAN_01,P13,350,60.0,BOGOF,175,234
d180ef,STBLR-7,CAMP_SAN_01,P01,172,341.0,33% OFF,115,531
c649ca,STMYS-1,CAMP_SAN_01,P02,860,595.0,33% OFF,576,886
3131b7,STMYS-3,CAMP_SAN_01,P09,90,54.0,25% OFF,67,45
74399f,STMYS-3,CAMP_DIW_01,P13,350,73.0,BOGOF,175,282
07ee94,STCHE-4,CAMP_DIW_01,P03,156,369.0,25% OFF,117,332
8376c6,STHYD-5,CAMP_SAN_01,P01,172,336.0,33% OFF,115,467
3ea719,STBLR-7,CAMP_DIW_01,P02,860,336.0,33% OFF,576,577
4001c4,STBLR-6,CAMP_SAN_01,P04,370,402.0,BOGOF,185,1652
87be33,STBLR-6,CAMP_SAN_01,P13,350,120.0,BOGOF,175,516
30b66a,STBLR-7,CAMP_DIW_01,P11,190,84.0,50% OFF,95,131
908a96,STHYD-4,CAMP_SAN_01,P12,62,52.0,50% OFF,31,72
58ce38,STBLR-3,CAMP_SAN_01,P13,350,118.0,BOGOF,175,455
2706c5,STMYS-2,CAMP_DIW_01,P12,62,77.0,50% OFF,31,97
ebbe5d,STCHE-2,CAMP_SAN_01,P06,415,25.0,25% OFF,311,22
b60e6a,STBLR-6,CAMP_SAN_01,P09,90,63.0,25% OFF,67,51
292ca5,STHYD-2,CAMP_DIW_01,P04,290,287.0,25% OFF,217,220
1130ea,STHYD-6,CAMP_DIW_01,P14,1020,45.0,BOGOF,510,155
c092d4,STBLR-4,CAMP_DIW_01,P07,300,70.0,BOGOF,150,243
1b295f,STCHE-5,CAMP_DIW_01,P12,62,110.0,50% OFF,31,130
84a2f4,STCHE-7,CAMP_SAN_01,P04,370,423.0,BOGOF,185,1801
fe1a8b,STBLR-8,CAMP_SAN_01,P15,3000,126.0,500 Cashback,2500,278
fc2170,STCBE-3,CAMP_SAN_01,P08,1190,40.0,BOGOF,595,158
d0daaa,STMDU-1,CAMP_SAN_01,P14,1020,63.0,BOGOF,510,244
8cd1ec,STCHE-1,CAMP_SAN_01,P13,350,124.0,BOGOF,175,324
2dd3f7,STHYD-4,CAMP_DIW_01,P03,156,341.0,25% OFF,117,327
c22ead,STBLR-6,CAMP_SAN_01,P11,190,43.0,50% OFF,95,66
fd788c,STVSK-1,CAMP_DIW_01,P11,190,43.0,50% OFF,95,58
d6cc80,STCHE-4,CAMP_DIW_01,P07,300,61.0,BOGOF,150,236
6e412f,STBLR-7,CAMP_SAN_01,P06,415,34.0,25% OFF,311,28
94102d,STBLR-4,CAMP_SAN_01,P12,62,64.0,50% OFF,31,92
e4b7e4,STHYD-6,CAMP_DIW_01,P09,110,78.0,50% OFF,55,102
e96e9d,STHYD-1,CAMP_DIW_01,P15,3000,362.0,500 Cashback,2500,959
c6ca4d,STHYD-2,CAMP_SAN_01,P02,860,465.0,33% OFF,576,646
0c9f61,STBLR-7,CAMP_SAN_01,P03,200,433.0,BOGOF,100,1883
3c3c49,STCBE-2,CAMP_SAN_01,P08,1190,40.0,BOGOF,595,168
ddddb3,STBLR-2,CAMP_DIW_01,P09,110,103.0,50% OFF,55,136
dd8425,STCHE-0,CAMP_SAN_01,P11,190,49.0,50% OFF,95,71
b83644,STBLR-6,CAMP_DIW_01,P11,190,75.0,50% OFF,95,117
17df71,STHYD-0,CAMP_SAN_01,P08,1190,46.0,BOGOF,595,179
94cacb,STCHE-0,CAMP_SAN_01,P12,62,55.0,50% OFF,31,79
1490b8,STMDU-2,CAMP_SAN_01,P04,370,361.0,BOGOF,185,1397
75f30e,STCHE-2,CAMP_SAN_01,P15,3000,117.0,500 Cashback,2500,251
e7f270,STVSK-0,CAMP_SAN_01,P01,172,211.0,33% OFF,115,322
a24528,STVSK-2,CAMP_DIW_01,P05,55,70.0,25% OFF,41,62
9a13a5,STHYD-4,CAMP_DIW_01,P11,190,82.0,50% OFF,95,107
311946,STBLR-5,CAMP_DIW_01,P05,55,119.0,25% OFF,41,107
7d5e81,STCHE-5,CAMP_SAN_01,P07,300,43.0,BOGOF,150,167
9a1d69,STMDU-3,CAMP_DIW_01,P01,172,292.0,33% OFF,115,373
4aa7ef,STHYD-1,CAMP_DIW_01,P07,300,59.0,BOGOF,150,176
ee68d9,STCHE-1,CAMP_SAN_01,P15,3000,136.0,500 Cashback,2500,242
ebd35e,STBLR-8,CAMP_DIW_01,P04,290,323.0,25% OFF,217,251
4f76ac,STMYS-3,CAMP_DIW_01,P04,290,383.0,25% OFF,217,344
4fa17c,STCHE-4,CAMP_DIW_01,P01,172,327.0,33% OFF,115,503
9.57E+11,STHYD-1,CAMP_SAN_01,P15,3000,103.0,500 Cashback,2500,177
5.88E+11,STHYD-3,CAMP_DIW_01,P12,62,112.0,50% OFF,31,178
d4ccb5,STCBE-1,CAMP_DIW_01,P05,55,61.0,25% OFF,41,50
15265d,STCHE-5,CAMP_SAN_01,P12,62,58.0,50% OFF,31,65
e5db3d,STCBE-0,CAMP_DIW_01,P08,1190,29.0,BOGOF,595,98
46917a,STVSK-3,CAMP_DIW_01,P12,62,105.0,50% OFF,31,115
300664,STHYD-5,CAMP_DIW_01,P13,350,80.0,BOGOF,175,276
386fdc,STVSK-1,CAMP_DIW_01,P01,172,257.0,33% OFF,115,364
a08c5e,STMYS-2,CAMP_DIW_01,P05,55,99.0,25% OFF,41,88
b8c7c8,STHYD-6,CAMP_SAN_01,P10,50,31.0,25% OFF,37,26
417902,STMDU-0,CAMP_DIW_01,P08,1190,29.0,BOGOF,595,116
53a947,STBLR-1,CAMP_SAN_01,P06,415,39.0,25% OFF,311,36
00a7c3,STTRV-1,CAMP_SAN_01,P02,860,231.0,33% OFF,576,314
d85264,STMLR-1,CAMP_SAN_01,P07,300,30.0,BOGOF,150,120
4d9f1a,STCBE-1,CAMP_DIW_01,P09,110,59.0,50% OFF,55,69
e23132,STVJD-0,CAMP_DIW_01,P08,1190,26.0,BOGOF,595,86
4e42b9,STHYD-4,CAMP_SAN_01,P03,200,376.0,BOGOF,100,1447
f013a9,STMYS-2,CAMP_SAN_01,P14,1020,105.0,BOGOF,510,276
84aa9b,STCHE-0,CAMP_SAN_01,P02,860,424.0,33% OFF,576,580
b97dfe,STBLR-2,CAMP_DIW_01,P07,300,56.0,BOGOF,150,196
565a38,STTRV-0,CAMP_SAN_01,P07,300,30.0,BOGOF,150,117
8724c8,STCBE-4,CAMP_SAN_01,P04,370,363.0,BOGOF,185,990
a4fb0b,STMDU-0,CAMP_SAN_01,P02,860,318.0,33% OFF,576,448
91fec3,STMYS-1,CAMP_DIW_01,P06,415,101.0,25% OFF,311,79
2b50e0,STBLR-6,CAMP_DIW_01,P15,3000,390.0,500 Cashback,2500,1318
94953c,STMLR-2,CAMP_SAN_01,P06,415,15.0,25% OFF,311,12
ea916f,STTRV-0,CAMP_SAN_01,P10,50,18.0,25% OFF,37,16
8ff2bb,STBLR-2,CAMP_SAN_01,P06,415,40.0,25% OFF,311,33
152ae4,STHYD-1,CAMP_SAN_01,P12,62,51.0,50% OFF,31,57
e93b62,STCHE-2,CAMP_SAN_01,P04,370,513.0,BOGOF,185,2067
19e2f0,STCHE-7,CAMP_SAN_01,P11,190,58.0,50% OFF,95,81
a937e8,STMDU-3,CAMP_SAN_01,P14,1020,87.0,BOGOF,510,347
6321fa,STCHE-3,CAMP_SAN_01,P10,50,31.0,25% OFF,37,26
fd48ff,STCBE-0,CAMP_SAN_01,P04,370,367.0,BOGOF,185,1423
4572a3,STCHE-1,CAMP_SAN_01,P11,190,48.0,50% OFF,95,55
e3929b,STMYS-0,CAMP_DIW_01,P12,62,98.0,50% OFF,31,128
b08c12,STMDU-3,CAMP_DIW_01,P03,156,227.0,25% OFF,117,202
a0017b,STCBE-4,CAMP_SAN_01,P05,55,16.0,25% OFF,41,12
400cab,STCHE-4,CAMP_SAN_01,P02,860,642.0,33% OFF,576,918
5ce72d,STMLR-2,CAMP_SAN_01,P11,190,24.0,50% OFF,95,27
4e0e90,STVSK-2,CAMP_DIW_01,P12,62,80.0,50% OFF,31,124
73c8f5,STVSK-3,CAMP_DIW_01,P01,172,229.0,33% OFF,115,293
43feca,STMDU-3,CAMP_DIW_01,P13,350,56.0,BOGOF,175,184
30c488,STTRV-0,CAMP_SAN_01,P01,172,132.0,33% OFF,115,187
fc7056,STBLR-2,CAMP_DIW_01,P08,1190,40.0,BOGOF,595,135
eacf93,STTRV-1,CAMP_SAN_01,P11,190,24.0,50% OFF,95,34
7f650b,STCBE-2,CAMP_SAN_01,P11,190,34.0,50% OFF,95,52
1f03e5,STVJD-0,CAMP_DIW_01,P13,350,45.0,BOGOF,175,157
7a6449,STHYD-3,CAMP_DIW_01,P10,65,131.0,50% OFF,32,203
7c51b1,STCBE-0,CAMP_DIW_01,P09,110,59.0,50% OFF,55,89
f8a417,STCBE-4,CAMP_SAN_01,P12,62,37.0,50% OFF,31,53
d7798b,STMYS-2,CAMP_SAN_01,P02,860,484.0,33% OFF,576,677
af646e,STHYD-4,CAMP_SAN_01,P11,190,54.0,50% OFF,95,78
b7db9e,STHYD-4,CAMP_DIW_01,P05,55,106.0,25% OFF,41,101
c43947,STHYD-5,CAMP_SAN_01,P06,415,39.0,25% OFF,311,35
d91475,STMYS-0,CAMP_DIW_01,P07,300,61.0,BOGOF,150,189
fc2f67,STBLR-5,CAMP_SAN_01,P06,415,34.0,25% OFF,311,27
d4fced,STHYD-0,CAMP_SAN_01,P13,350,132.0,BOGOF,175,520
b666fa,STTRV-1,CAMP_DIW_01,P05,55,57.0,25% OFF,41,55
55b461,STMDU-0,CAMP_SAN_01,P06,415,21.0,25% OFF,311,17
677e2c,STHYD-1,CAMP_SAN_01,P13,350,122.0,BOGOF,175,326
b91c31,STMYS-1,CAMP_DIW_01,P05,55,89.0,25% OFF,41,71
61089e,STHYD-5,CAMP_SAN_01,P04,370,412.0,BOGOF,185,1615
c198da,STMDU-2,CAMP_SAN_01,P06,415,19.0,25% OFF,311,15
66050c,STCHE-6,CAMP_SAN_01,P08,1190,60.0,BOGOF,595,238
3.59E+89,STBLR-3,CAMP_SAN_01,P06,415,22.0,25% OFF,311,16
ac0b82,STMYS-0,CAMP_DIW_01,P04,290,234.0,25% OFF,217,205
41b8f8,STBLR-0,CAMP_DIW_01,P08,1190,56.0,BOGOF,595,220
89bbca,STCBE-4,CAMP_DIW_01,P13,350,42.0,BOGOF,175,128
718bb4,STHYD-2,CAMP_DIW_01,P12,62,129.0,50% OFF,31,165
250dee,STCHE-0,CAMP_SAN_01,P01,172,237.0,33% OFF,115,341
0dfaac,STCHE-6,CAMP_DIW_01,P02,860,434.0,33% OFF,576,629
13fd74,STMDU-3,CAMP_DIW_01,P05,55,64.0,25% OFF,41,58
80255e,STMDU-0,CAMP_DIW_01,P05,55,57.0,25% OFF,41,50
19352c,STBLR-4,CAMP_SAN_01,P02,860,501.0,33% OFF,576,701
0a2689,STBLR-8,CAMP_SAN_01,P12,62,55.0,50% OFF,31,77
0b51fe,STHYD-3,CAMP_SAN_01,P10,50,39.0,25% OFF,37,29
19d7b5,STMYS-1,CAMP_SAN_01,P03,200,382.0,BOGOF,100,1596
1bff17,STCHE-6,CAMP_DIW_01,P05,55,112.0,25% OFF,41,85
0edad5,STTRV-1,CAMP_SAN_01,P13,350,51.0,BOGOF,175,205
0491f4,STVSK-2,CAMP_DIW_01,P11,190,38.0,50% OFF,95,58
ffcda1,STVJD-0,CAMP_DIW_01,P11,190,42.0,50% OFF,95,55
5f2bb8,STBLR-8,CAMP_SAN_01,P11,190,45.0,50% OFF,95,62
df45ee,STHYD-3,CAMP_DIW_01,P01,172,309.0,33% OFF,115,534
8f3699,STVSK-3,CAMP_DIW_01,P03,156,196.0,25% OFF,117,174
99482c,STBLR-8,CAMP_SAN_01,P08,1190,42.0,BOGOF,595,161
d6ff76,STMDU-2,CAMP_DIW_01,P14,1020,28.0,BOGOF,510,96
55fed8,STCBE-3,CAMP_DIW_01,P09,110,40.0,50% OFF,55,60
2ef46d,STMDU-0,CAMP_DIW_01,P02,860,78.0,33% OFF,576,430
0a45d8,STTRV-0,CAMP_DIW_01,P02,860,196.0,33% OFF,576,303
53b2fd,STHYD-6,CAMP_DIW_01,P01,172,320.0,33% OFF,115,467
6436da,STMDU-1,CAMP_SAN_01,P08,1190,30.0,BOGOF,595,118
fd5855,STVSK-4,CAMP_SAN_01,P08,1190,25.0,BOGOF,595,64
a5800c,STMYS-3,CAMP_SAN_01,P12,62,60.0,50% OFF,31,67
93dff2,STBLR-3,CAMP_DIW_01,P03,156,390.0,25% OFF,117,308
6edb42,STBLR-8,CAMP_SAN_01,P10,50,36.0,25% OFF,37,26
1c4a78,STMLR-2,CAMP_SAN_01,P12,62,27.0,50% OFF,31,31
e57227,STCHE-6,CAMP_SAN_01,P05,55,25.0,25% OFF,41,18
4f40ed,STCHE-5,CAMP_SAN_01,P02,860,564.0,33% OFF,576,721
46ee5a,STCBE-3,CAMP_DIW_01,P04,290,246.0,25% OFF,217,214
0da7fd,STVSK-0,CAMP_SAN_01,P02,860,408.0,33% OFF,576,632
9e82db,STMDU-1,CAMP_DIW_01,P05,55,92.0,25% OFF,41,79
17537,STMDU-2,CAMP_SAN_01,P08,1190,33.0,BOGOF,595,129
f21f4c,STVSK-3,CAMP_DIW_01,P09,110,50.0,50% OFF,55,58
0f3f34,STCHE-1,CAMP_DIW_01,P06,415,99.0,25% OFF,311,87
695cd9,STTRV-1,CAMP_SAN_01,P07,300,21.0,BOGOF,150,82
66f526,STVJD-0,CAMP_SAN_01,P10,50,18.0,25% OFF,37,16
4b411a,STVJD-0,CAMP_DIW_01,P15,3000,218.0,500 Cashback,2500,673
f95092,STVSK-1,CAMP_SAN_01,P13,350,124.0,BOGOF,175,500
276150,STCBE-3,CAMP_SAN_01,P07,300,33.0,BOGOF,150,128
52d20e,STHYD-1,CAMP_DIW_01,P10,65,134.0,50% OFF,32,156
6b26bc,STHYD-2,CAMP_SAN_01,P05,55,24.0,25% OFF,41,18
284539,STCHE-3,CAMP_SAN_01,P03,200,384.0,BOGOF,100,1678
ad9ba5,STHYD-5,CAMP_DIW_01,P01,172,337.0,33% OFF,115,485
7151bb,STBLR-6,CAMP_DIW_01,P13,350,98.0,BOGOF,175,372
2c893f,STCHE-3,CAMP_DIW_01,P12,62,103.0,50% OFF,31,129
da99ec,STCHE-5,CAMP_DIW_01,P14,1020,54.0,BOGOF,510,184
543c36,STHYD-4,CAMP_SAN_01,P07,300,58.0,BOGOF,150,225
4c7359,STVSK-2,CAMP_SAN_01,P09,90,43.0,25% OFF,67,35
99ce6a,STVSK-3,CAMP_SAN_01,P03,200,250.0,BOGOF,100,687
6a1564,STMDU-3,CAMP_DIW_01,P15,3000,334.0,500 Cashback,2500,1022
bd1314,STMYS-2,CAMP_SAN_01,P05,55,37.0,25% OFF,41,30
3.56E+10,STMDU-3,CAMP_SAN_01,P08,1190,36.0,BOGOF,595,145
0ba095,STCBE-1,CAMP_DIW_01,P03,156,274.0,25% OFF,117,210
e788e5,STMYS-0,CAMP_SAN_01,P10,50,30.0,25% OFF,37,24
e0a83a,STBLR-8,CAMP_DIW_01,P07,300,63.0,BOGOF,150,221
d2b963,STVJD-0,CAMP_SAN_01,P14,1020,48.0,BOGOF,510,187
f725c0,STCBE-3,CAMP_SAN_01,P03,200,228.0,BOGOF,100,898
f57184,STHYD-5,CAMP_SAN_01,P05,55,21.0,25% OFF,41,18
512d92,STCHE-4,CAMP_DIW_01,P09,110,87.0,50% OFF,55,115
9ce293,STMDU-1,CAMP_SAN_01,P03,200,255.0,BOGOF,100,1009
e31e72,STHYD-4,CAMP_SAN_01,P10,50,33.0,25% OFF,37,31
6c7601,STCBE-2,CAMP_SAN_01,P14,1020,78.0,BOGOF,510,334
7a2a47,STBLR-7,CAMP_DIW_01,P07,300,64.0,BOGOF,150,254
434698,STVSK-0,CAMP_SAN_01,P12,62,39.0,50% OFF,31,63
ca3893,STMYS-1,CAMP_SAN_01,P09,90,52.0,25% OFF,67,39
933cae,STCHE-3,CAMP_SAN_01,P06,415,28.0,25% OFF,311,23
7.34E+11,STCHE-0,CAMP_DIW_01,P06,415,105.0,25% OFF,311,92
5372de,STCBE-3,CAMP_SAN_01,P10,50,78.0,25% OFF,37,22
5729c0,STMYS-2,CAMP_SAN_01,P04,370,240.0,BOGOF,185,636
cd36b2,STCHE-4,CAMP_DIW_01,P10,65,127.0,50% OFF,32,168
8f2a5a,STVSK-2,CAMP_SAN_01,P11,190,25.0,50% OFF,95,37
6.24E+11,STMLR-0,CAMP_SAN_01,P03,200,206.0,BOGOF,100,541
d46611,STMLR-2,CAMP_DIW_01,P05,55,47.0,25% OFF,41,40
4e3a3d,STVJD-0,CAMP_DIW_01,P02,860,197.0,33% OFF,576,285
50802a,STCHE-3,CAMP_DIW_01,P07,300,64.0,BOGOF,150,257
4e7ca5,STMYS-1,CAMP_DIW_01,P07,300,54.0,BOGOF,150,219
4ad894,STMLR-1,CAMP_DIW_01,P03,156,192.0,25% OFF,117,165
6422b4,STCBE-0,CAMP_DIW_01,P01,172,255.0,33% OFF,115,425
8e6e77,STBLR-0,CAMP_SAN_01,P08,1190,37.0,BOGOF,595,156
252235,STHYD-4,CAMP_DIW_01,P07,300,64.0,BOGOF,150,223
8aa62d,STCHE-2,CAMP_SAN_01,P12,62,67.0,50% OFF,31,74
e24a3a,STVSK-1,CAMP_DIW_01,P07,300,49.0,BOGOF,150,170
f98db5,STBLR-2,CAMP_SAN_01,P15,3000,129.0,500 Cashback,2500,279
35fb5b,STCBE-2,CAMP_DIW_01,P13,350,50.0,BOGOF,175,190
390df2,STBLR-0,CAMP_SAN_01,P06,415,31.0,25% OFF,311,26
f21ef6,STMLR-1,CAMP_SAN_01,P06,415,18.0,25% OFF,311,14
bae5cb,STVSK-3,CAMP_SAN_01,P11,190,34.0,50% OFF,95,39
ee63b3,STHYD-4,CAMP_DIW_01,P02,860,362.0,33% OFF,576,521
72eed8,STHYD-4,CAMP_DIW_01,P04,290,376.0,25% OFF,217,360
aaea9e,STTRV-0,CAMP_DIW_01,P10,65,68.0,50% OFF,32,93
496b80,STHYD-4,CAMP_SAN_01,P15,3000,118.0,500 Cashback,2500,253
5d5637,STCHE-0,CAMP_DIW_01,P09,110,94.0,50% OFF,55,119
ac0b1c,STMYS-3,CAMP_SAN_01,P14,1020,78.0,BOGOF,510,331
5a21a5,STBLR-4,CAMP_SAN_01,P10,50,31.0,25% OFF,37,26
ab3517,STTRV-1,CAMP_SAN_01,P04,370,190.0,BOGOF,185,733
a1e541,STHYD-1,CAMP_DIW_01,P01,172,311.0,33% OFF,115,385
af2b25,STBLR-7,CAMP_DIW_01,P13,350,85.0,BOGOF,175,338
5d23c1,STVSK-4,CAMP_SAN_01,P12,62,40.0,50% OFF,31,58
491ff2,STVJD-1,CAMP_SAN_01,P12,62,30.0,50% OFF,31,42
7cf0d8,STMDU-0,CAMP_SAN_01,P14,1020,79.0,BOGOF,510,349
86a92b,STMLR-2,CAMP_DIW_01,P11,190,42.0,50% OFF,95,45
315542,STVJD-1,CAMP_SAN_01,P03,200,183.0,BOGOF,100,710
17d5c1,STCBE-0,CAMP_DIW_01,P13,350,52.0,BOGOF,175,173
e98f37,STBLR-3,CAMP_DIW_01,P08,1190,43.0,BOGOF,595,145
a2fd0b,STBLR-6,CAMP_DIW_01,P12,62,112.0,50% OFF,31,165
6ec0eb,STCHE-2,CAMP_DIW_01,P15,3000,369.0,500 Cashback,2500,1073
dead78,STVJD-0,CAMP_DIW_01,P12,62,68.0,50% OFF,31,90
a0a2ec,STBLR-8,CAMP_SAN_01,P01,172,346.0,33% OFF,115,491
2e3393,STCHE-3,CAMP_SAN_01,P14,1020,112.0,BOGOF,510,460
cf4f71,STHYD-0,CAMP_SAN_01,P01,172,250.0,33% OFF,115,382
5c8b9f,STMDU-1,CAMP_DIW_01,P01,172,187.0,33% OFF,115,289
cd4812,STMDU-3,CAMP_DIW_01,P07,300,47.0,BOGOF,150,162
73ad85,STHYD-5,CAMP_DIW_01,P05,55,106.0,25% OFF,41,102
1c7c7f,STBLR-8,CAMP_DIW_01,P14,1020,52.0,BOGOF,510,178
f94d7b,STMDU-2,CAMP_SAN_01,P13,350,96.0,BOGOF,175,377
6444b7,STCHE-2,CAMP_DIW_01,P06,415,85.0,25% OFF,311,81
bf33ae,STMYS-0,CAMP_DIW_01,P14,1020,59.0,BOGOF,510,182
0f750a,STBLR-0,CAMP_SAN_01,P02,860,451.0,33% OFF,576,613
5abaf9,STCHE-3,CAMP_SAN_01,P07,300,37.0,BOGOF,150,155
d8f51c,STMYS-1,CAMP_DIW_01,P15,3000,449.0,500 Cashback,2500,1499
731f58,STMYS-0,CAMP_SAN_01,P05,55,28.0,25% OFF,41,22
e8d896,STCHE-1,CAMP_SAN_01,P10,50,40.0,25% OFF,37,33
d105db,STCBE-4,CAMP_SAN_01,P07,300,43.0,BOGOF,150,111
01b425,STMYS-3,CAMP_DIW_01,P09,110,68.0,50% OFF,55,76
d31554,STMDU-2,CAMP_DIW_01,P05,55,80.0,25% OFF,41,70
0c0926,STMDU-3,CAMP_DIW_01,P08,1190,26.0,BOGOF,595,91
4f75fe,STMYS-2,CAMP_DIW_01,P08,1190,42.0,BOGOF,595,123
b0ab6c,STHYD-4,CAMP_SAN_01,P06,415,34.0,25% OFF,311,31
166a02,STCHE-6,CAMP_SAN_01,P13,350,111.0,BOGOF,175,445
bac74e,STBLR-9,CAMP_SAN_01,P01,172,319.0,33% OFF,115,449
a617b5,STHYD-4,CAMP_SAN_01,P14,1020,102.0,BOGOF,510,410
a1503f,STCBE-1,CAMP_DIW_01,P15,3000,329.0,500 Cashback,2500,1000
3133f3,STCHE-5,CAMP_SAN_01,P09,90,63.0,25% OFF,67,53
6ee2af,STHYD-3,CAMP_SAN_01,P02,860,595.0,33% OFF,576,892
1e2a0e,STBLR-9,CAMP_DIW_01,P01,172,329.0,33% OFF,115,467
4692bf,STMLR-0,CAMP_SAN_01,P04,370,267.0,BOGOF,185,731
e621c9,STMLR-0,CAMP_SAN_01,P11,190,27.0,50% OFF,95,39
35637b,STVSK-4,CAMP_DIW_01,P03,156,301.0,25% OFF,117,237
879d9a,STBLR-2,CAMP_DIW_01,P15,3000,318.0,500 Cashback,2500,915
aeed36,STBLR-6,CAMP_SAN_01,P12,62,54.0,50% OFF,31,83
11578,STHYD-3,CAMP_SAN_01,P14,1020,87.0,BOGOF,510,236
d834f0,STMYS-3,CAMP_SAN_01,P08,1190,34.0,BOGOF,595,147
9e2de4,STMLR-0,CAMP_SAN_01,P07,300,21.0,BOGOF,150,54
461ad4,STTRV-1,CAMP_DIW_01,P09,110,42.0,50% OFF,55,55
3181a7,STCBE-1,CAMP_SAN_01,P11,190,28.0,50% OFF,95,31
f1421a,STMDU-2,CAMP_SAN_01,P09,90,49.0,25% OFF,67,39
e391bc,STHYD-0,CAMP_DIW_01,P09,110,77.0,50% OFF,55,113
2cbc21,STHYD-1,CAMP_SAN_01,P09,90,58.0,25% OFF,67,47
406a98,STBLR-5,CAMP_SAN_01,P01,172,264.0,33% OFF,115,361
0690d9,STHYD-3,CAMP_DIW_01,P15,3000,418.0,500 Cashback,2500,1082
f39a0c,STHYD-3,CAMP_SAN_01,P09,90,49.0,25% OFF,67,37
8f25a6,STHYD-6,CAMP_SAN_01,P15,3000,126.0,500 Cashback,2500,302
7a22bc,STBLR-6,CAMP_DIW_01,P01,172,283.0,33% OFF,115,492
04f19c,STMYS-0,CAMP_DIW_01,P08,1190,50.0,BOGOF,595,146
3beb46,STMYS-2,CAMP_SAN_01,P13,350,81.0,BOGOF,175,208
fd5955,STCBE-0,CAMP_DIW_01,P02,860,313.0,33% OFF,576,541
0beb9b,STVSK-2,CAMP_SAN_01,P12,62,28.0,50% OFF,31,43
8cbaa3,STHYD-2,CAMP_SAN_01,P08,1190,60.0,BOGOF,595,238
7d3d63,STCHE-1,CAMP_DIW_01,P13,350,68.0,BOGOF,175,205
693b77,STMLR-0,CAMP_DIW_01,P12,62,70.0,50% OFF,31,88
494f1b,STVSK-2,CAMP_SAN_01,P13,350,94.0,BOGOF,175,374
0f714a,STVJD-1,CAMP_SAN_01,P06,415,16.0,25% OFF,311,11
3906da,STMLR-2,CAMP_SAN_01,P09,90,33.0,25% OFF,67,27
6a54d2,STCHE-5,CAMP_SAN_01,P01,172,303.0,33% OFF,115,360
7cf9ef,STMDU-3,CAMP_DIW_01,P11,190,66.0,50% OFF,95,71
4162d7,STHYD-2,CAMP_DIW_01,P05,55,110.0,25% OFF,41,86
5c6465,STHYD-5,CAMP_SAN_01,P08,1190,36.0,BOGOF,595,139
9ff4a9,STMDU-1,CAMP_DIW_01,P10,65,94.0,50% OFF,32,120
c1cdb5,STCHE-0,CAMP_SAN_01,P15,3000,135.0,500 Cashback,2500,286
c1e0b6,STCHE-6,CAMP_SAN_01,P01,172,273.0,33% OFF,115,379
bb77b1,STMYS-3,CAMP_DIW_01,P14,1020,54.0,BOGOF,510,206
dd9914,STVSK-1,CAMP_DIW_01,P10,65,98.0,50% OFF,32,132
da5d21,STBLR-9,CAMP_DIW_01,P10,65,92.0,50% OFF,32,125
ae5745,STCBE-4,CAMP_DIW_01,P06,415,68.0,25% OFF,311,61
35463c,STCBE-0,CAMP_DIW_01,P04,290,211.0,25% OFF,217,202
4ced30,STCHE-3,CAMP_SAN_01,P09,90,60.0,25% OFF,67,49
4f1bb6,STMYS-0,CAMP_SAN_01,P11,190,46.0,50% OFF,95,63
e7bb4f,STMDU-2,CAMP_DIW_01,P13,350,45.0,BOGOF,175,148
1f1b71,STMDU-3,CAMP_SAN_01,P01,172,214.0,33% OFF,115,267
90b2fb,STCHE-6,CAMP_DIW_01,P07,300,59.0,BOGOF,150,201
adf52a,STBLR-6,CAMP_DIW_01,P14,1020,47.0,BOGOF,510,179
ff8f10,STMDU-0,CAMP_SAN_01,P11,190,34.0,50% OFF,95,47
792708,STBLR-5,CAMP_SAN_01,P13,350,115.0,BOGOF,175,445
07e4ea,STHYD-6,CAMP_SAN_01,P04,370,486.0,BOGOF,185,1890
c8670a,STCHE-0,CAMP_DIW_01,P15,3000,343.0,500 Cashback,2500,1056
8.02E+96,STBLR-4,CAMP_DIW_01,P11,190,91.0,50% OFF,95,116
886ef2,STMLR-2,CAMP_DIW_01,P08,1190,22.0,BOGOF,595,73
591730,STBLR-2,CAMP_SAN_01,P09,90,64.0,25% OFF,67,53
1809f2,STVSK-4,CAMP_SAN_01,P06,415,22.0,25% OFF,311,15
fa5b45,STVJD-1,CAMP_SAN_01,P08,1190,27.0,BOGOF,595,109
7bb8ed,STCHE-2,CAMP_SAN_01,P08,1190,45.0,BOGOF,595,175
342d35,STCBE-3,CAMP_DIW_01,P08,1190,29.0,BOGOF,595,96
cfeac1,STHYD-6,CAMP_SAN_01,P14,1020,100.0,BOGOF,510,396
14f79d,STVSK-1,CAMP_DIW_01,P04,290,252.0,25% OFF,217,196
a9ae21,STCBE-0,CAMP_DIW_01,P12,62,80.0,50% OFF,31,119
3d8361,STMYS-1,CAMP_DIW_01,P08,1190,47.0,BOGOF,595,184
da3c49,STMLR-2,CAMP_SAN_01,P02,860,270.0,33% OFF,576,313
c6bf42,STCBE-3,CAMP_DIW_01,P07,300,52.0,BOGOF,150,173
c4db5b,STTRV-0,CAMP_DIW_01,P01,172,164.0,33% OFF,115,236
0aefa5,STVSK-3,CAMP_SAN_01,P06,415,33.0,25% OFF,311,27
bcad3c,STMDU-0,CAMP_DIW_01,P01,172,201.0,33% OFF,115,305
6b0ee6,STMDU-1,CAMP_DIW_01,P07,300,47.0,BOGOF,150,157
b78191,STBLR-3,CAMP_SAN_01,P14,1020,91.0,BOGOF,510,361
65f085,STCHE-4,CAMP_SAN_01,P12,62,60.0,50% OFF,31,87
20eb36,STCBE-1,CAMP_DIW_01,P10,65,80.0,50% OFF,32,92
092c09,STHYD-5,CAMP_DIW_01,P08,1190,43.0,BOGOF,595,147
d552e3,STMDU-3,CAMP_SAN_01,P12,62,45.0,50% OFF,31,53
8f80ed,STVSK-3,CAMP_DIW_01,P11,190,52.0,50% OFF,95,57
0eb526,STMLR-0,CAMP_DIW_01,P07,300,38.0,BOGOF,150,113
6af3e0,STBLR-6,CAMP_SAN_01,P14,1020,103.0,BOGOF,510,444
bdfb7d,STHYD-4,CAMP_SAN_01,P05,55,16.0,25% OFF,41,15
a0d919,STMDU-1,CAMP_DIW_01,P08,1190,35.0,BOGOF,595,122
4e6a19,STHYD-3,CAMP_SAN_01,P07,300,45.0,BOGOF,150,121
c1debe,STCHE-3,CAMP_DIW_01,P15,3000,381.0,500 Cashback,2500,1303
3426bd,STCBE-0,CAMP_DIW_01,P10,65,80.0,50% OFF,32,124
852b4f,STHYD-5,CAMP_SAN_01,P12,62,49.0,50% OFF,31,70
c9899d,STTRV-1,CAMP_DIW_01,P02,860,199.0,33% OFF,576,300
c0d022,STBLR-6,CAMP_SAN_01,P06,415,33.0,25% OFF,311,28
caa1e1,STCHE-5,CAMP_SAN_01,P03,200,432.0,BOGOF,100,1736
cdb883,STMDU-0,CAMP_SAN_01,P12,62,46.0,50% OFF,31,66
3bf731,STVSK-3,CAMP_SAN_01,P04,370,265.0,BOGOF,185,673
1091cf,STBLR-6,CAMP_DIW_01,P05,55,108.0,25% OFF,41,93
6d863b,STCBE-1,CAMP_SAN_01,P07,300,40.0,BOGOF,150,155
bed4b4,STMLR-1,CAMP_SAN_01,P10,50,13.0,25% OFF,37,10
d290a1,STBLR-3,CAMP_DIW_01,P04,290,343.0,25% OFF,217,270
0e96b4,STCBE-4,CAMP_SAN_01,P14,1020,93.0,BOGOF,510,234
8b1147,STVSK-0,CAMP_SAN_01,P15,3000,73.0,500 Cashback,2500,170
7ecbbb,STHYD-1,CAMP_DIW_01,P06,415,103.0,25% OFF,311,88
4a77da,STMLR-0,CAMP_SAN_01,P02,860,243.0,33% OFF,576,332
4cf56a,STBLR-9,CAMP_DIW_01,P04,290,311.0,25% OFF,217,304
20da13,STBLR-4,CAMP_SAN_01,P07,300,48.0,BOGOF,150,185
49706e,STMDU-3,CAMP_SAN_01,P15,3000,120.0,500 Cashback,2500,274
77435f,STBLR-3,CAMP_SAN_01,P01,172,78.0,33% OFF,115,387
2ba1ba,STCHE-7,CAMP_SAN_01,P13,350,106.0,BOGOF,175,454
02c389,STBLR-8,CAMP_DIW_01,P12,62,120.0,50% OFF,31,159
cb7ddd,STVJD-1,CAMP_DIW_01,P09,110,49.0,50% OFF,55,65
b44f0e,STHYD-2,CAMP_SAN_01,P15,3000,136.0,500 Cashback,2500,288
fc8d10,STMLR-0,CAMP_SAN_01,P08,1190,27.0,BOGOF,595,70
42f304,STCBE-3,CAMP_DIW_01,P06,415,66.0,25% OFF,311,57
32fa85,STCHE-3,CAMP_DIW_01,P05,55,106.0,25% OFF,41,92
e60b61,STMLR-0,CAMP_SAN_01,P06,415,15.0,25% OFF,311,12
da3d1d,STVSK-2,CAMP_DIW_01,P06,415,78.0,25% OFF,311,69
5991de,STMDU-0,CAMP_DIW_01,P09,110,43.0,50% OFF,55,58
9c2777,STCHE-6,CAMP_SAN_01,P02,860,463.0,33% OFF,576,629
deb3a5,STHYD-2,CAMP_SAN_01,P12,62,52.0,50% OFF,31,72
5aa413,STCHE-1,CAMP_SAN_01,P08,1190,43.0,BOGOF,595,109
84dbe3,STHYD-1,CAMP_SAN_01,P07,300,51.0,BOGOF,150,140
1ee94b,STHYD-0,CAMP_DIW_01,P13,350,68.0,BOGOF,175,235
e89f85,STCBE-1,CAMP_SAN_01,P05,55,25.0,25% OFF,41,18
edaef4,STHYD-5,CAMP_SAN_01,P03,200,416.0,BOGOF,100,1630
5f8870,STMYS-1,CAMP_DIW_01,P13,350,70.0,BOGOF,175,270
780aaa,STMYS-1,CAMP_SAN_01,P06,415,19.0,25% OFF,311,14
c24879,STCBE-1,CAMP_SAN_01,P04,370,370.0,BOGOF,185,1439
dd6685,STMYS-2,CAMP_DIW_01,P06,415,78.0,25% OFF,311,70
4888d5,STBLR-3,CAMP_DIW_01,P07,300,70.0,BOGOF,150,231
652101,STBLR-1,CAMP_DIW_01,P07,300,61.0,BOGOF,150,189
a37f93,STVSK-3,CAMP_DIW_01,P14,1020,38.0,BOGOF,510,117
3aaafb,STMDU-2,CAMP_DIW_01,P06,415,50.0,25% OFF,311,43
e5e244,STBLR-5,CAMP_DIW_01,P02,860,351.0,33% OFF,576,526
18a68a,STMLR-0,CAMP_DIW_01,P01,172,173.0,33% OFF,115,250
c3ae5a,STBLR-1,CAMP_SAN_01,P11,190,39.0,50% OFF,95,55
2b8abd,STCHE-2,CAMP_SAN_01,P14,1020,105.0,BOGOF,510,407
d33301,STHYD-0,CAMP_DIW_01,P05,55,98.0,25% OFF,41,88
dd2475,STBLR-4,CAMP_DIW_01,P04,290,325.0,25% OFF,217,289
ccbc3a,STTRV-0,CAMP_DIW_01,P06,415,52.0,25% OFF,311,49
cf0a2a,STHYD-3,CAMP_DIW_01,P09,110,92.0,50% OFF,55,147
0a3c5c,STMDU-1,CAMP_DIW_01,P13,350,47.0,BOGOF,175,163
5f2c41,STCHE-6,CAMP_DIW_01,P08,1190,54.0,BOGOF,595,185
6c9451,STVSK-0,CAMP_DIW_01,P03,156,259.0,25% OFF,117,225
58e374,STBLR-0,CAMP_DIW_01,P07,300,64.0,BOGOF,150,250
d671d3,STVSK-1,CAMP_DIW_01,P12,62,91.0,50% OFF,31,113
096adc,STBLR-8,CAMP_SAN_01,P02,860,441.0,33% OFF,576,626
ce5851,STMDU-2,CAMP_SAN_01,P03,200,318.0,BOGOF,100,1265
d2dc77,STMLR-0,CAMP_DIW_01,P13,350,40.0,BOGOF,175,119
f9b0ef,STVJD-0,CAMP_DIW_01,P05,55,56.0,25% OFF,41,54
52ec61,STBLR-8,CAMP_DIW_01,P10,65,133.0,50% OFF,32,172
0b38d9,STMYS-3,CAMP_DIW_01,P08,1190,29.0,BOGOF,595,115
96a556,STBLR-1,CAMP_DIW_01,P02,860,358.0,33% OFF,576,537
7bdc1e,STVSK-4,CAMP_DIW_01,P07,300,50.0,BOGOF,150,149
73d86f,STVSK-2,CAMP_SAN_01,P10,50,31.0,25% OFF,37,26
eae379,STVJD-0,CAMP_DIW_01,P01,172,161.0,33% OFF,115,231
a34aa4,STBLR-5,CAMP_DIW_01,P03,156,369.0,25% OFF,117,332
ffaba4,STBLR-8,CAMP_SAN_01,P09,90,46.0,25% OFF,67,33
335090,STMYS-0,CAMP_DIW_01,P15,3000,262.0,500 Cashback,2500,673
8c13bb,STBLR-5,CAMP_DIW_01,P08,1190,47.0,BOGOF,595,159
dbaf92,STBLR-6,CAMP_SAN_01,P01,172,301.0,33% OFF,115,454
5a6ad7,STBLR-9,CAMP_DIW_01,P14,1020,45.0,BOGOF,510,153
a1624e,STHYD-1,CAMP_DIW_01,P02,860,351.0,33% OFF,576,449
cd3392,STCHE-6,CAMP_SAN_01,P07,300,31.0,BOGOF,150,123
73211e,STCBE-1,CAMP_DIW_01,P01,172,182.0,33% OFF,115,223
6dae49,STBLR-1,CAMP_DIW_01,P05,55,117.0,25% OFF,41,114
40f110,STBLR-9,CAMP_DIW_01,P12,62,122.0,50% OFF,31,163
d5769b,STCBE-2,CAMP_SAN_01,P09,90,42.0,25% OFF,67,34
7d6e2a,STMLR-0,CAMP_DIW_01,P03,156,166.0,25% OFF,117,146
c7fefa,STMDU-1,CAMP_SAN_01,P11,190,28.0,50% OFF,95,40
ace471,STMDU-0,CAMP_SAN_01,P04,370,273.0,BOGOF,185,1201
59f792,STCHE-4,CAMP_DIW_01,P15,3000,448.0,500 Cashback,2500,1545
4fbcf6,STHYD-1,CAMP_SAN_01,P06,415,27.0,25% OFF,311,22
6b2afc,STCBE-4,CAMP_SAN_01,P08,1190,30.0,BOGOF,595,79
8ea7e8,STVJD-1,CAMP_SAN_01,P09,90,37.0,25% OFF,67,26
11971a,STHYD-2,CAMP_SAN_01,P11,190,45.0,50% OFF,95,62
1fc58f,STMDU-1,CAMP_SAN_01,P01,172,244.0,33% OFF,115,334
61f82c,STBLR-5,CAMP_DIW_01,P11,190,63.0,50% OFF,95,81
df4373,STMDU-2,CAMP_SAN_01,P07,300,33.0,BOGOF,150,128
d1138a,STTRV-1,CAMP_DIW_01,P12,62,63.0,50% OFF,31,84
4ca177,STVSK-4,CAMP_SAN_01,P14,1020,75.0,BOGOF,510,198
9.90E+87,STHYD-6,CAMP_DIW_01,P05,55,117.0,25% OFF,41,104
7.83E+87,STMDU-3,CAMP_DIW_01,P14,1020,31.0,BOGOF,510,108
f49149,STMYS-0,CAMP_SAN_01,P06,415,27.0,25% OFF,311,22
4406de,STVSK-1,CAMP_SAN_01,P11,190,28.0,50% OFF,95,40
166ffe,STMYS-1,CAMP_SAN_01,P10,50,28.0,25% OFF,37,20
b7286f,STBLR-5,CAMP_SAN_01,P02,860,507.0,33% OFF,576,704
6bce12,STMYS-0,CAMP_SAN_01,P07,300,46.0,BOGOF,150,120
5dfa52,STVSK-2,CAMP_DIW_01,P04,290,244.0,25% OFF,217,217
d61f6f,STHYD-3,CAMP_SAN_01,P03,200,331.0,BOGOF,100,903
c1c42d,STMLR-1,CAMP_SAN_01,P09,90,28.0,25% OFF,67,22
bcf305,STCHE-5,CAMP_DIW_01,P09,110,75.0,50% OFF,55,80
5a4d9d,STCHE-1,CAMP_SAN_01,P02,860,468.0,33% OFF,576,599
a107c4,STVJD-0,CAMP_SAN_01,P05,55,16.0,25% OFF,41,14
13d333,STCHE-7,CAMP_SAN_01,P01,172,256.0,33% OFF,115,358
78bc80,STVJD-0,CAMP_SAN_01,P07,300,22.0,BOGOF,150,85
f8a2a6,STMDU-1,CAMP_SAN_01,P09,90,45.0,25% OFF,67,36
e7cb59,STCHE-3,CAMP_DIW_01,P11,190,96.0,50% OFF,95,120
9b5299,STBLR-6,CAMP_DIW_01,P04,290,360.0,25% OFF,217,320
f682ec,STBLR-0,CAMP_SAN_01,P01,172,273.0,33% OFF,115,382
a25cbf,STCHE-2,CAMP_DIW_01,P04,290,295.0,25% OFF,217,289
8f2264,STBLR-7,CAMP_DIW_01,P12,62,124.0,50% OFF,31,184
11178a,STCBE-0,CAMP_DIW_01,P07,300,36.0,BOGOF,150,118
62775f,STCHE-2,CAMP_DIW_01,P07,300,59.0,BOGOF,150,196
5bfb5e,STCBE-4,CAMP_DIW_01,P10,65,57.0,50% OFF,32,72
dec49d,STMDU-2,CAMP_SAN_01,P05,55,21.0,25% OFF,41,17
bfb2b4,STBLR-7,CAMP_SAN_01,P13,350,133.0,BOGOF,175,559
1fcfc6,STVSK-0,CAMP_SAN_01,P11,190,31.0,50% OFF,95,46
c3b511,STCBE-3,CAMP_SAN_01,P14,1020,75.0,BOGOF,510,297
42a404,STCBE-1,CAMP_SAN_01,P12,62,42.0,50% OFF,31,48
0c0339,STHYD-2,CAMP_DIW_01,P07,300,64.0,BOGOF,150,211
4cefe1,STMYS-1,CAMP_DIW_01,P12,62,127.0,50% OFF,31,185
0013db,STBLR-1,CAMP_SAN_01,P02,860,435.0,33% OFF,576,622
4cd59b,STVSK-0,CAMP_SAN_01,P09,90,42.0,25% OFF,67,35
2fe921,STCHE-0,CAMP_SAN_01,P05,55,25.0,25% OFF,41,21
f90ae9,STCBE-0,CAMP_SAN_01,P13,350,82.0,BOGOF,175,323
9c5d5a,STMDU-1,CAMP_DIW_01,P02,860,308.0,33% OFF,576,455
e553f2,STTRV-0,CAMP_DIW_01,P13,350,38.0,BOGOF,175,129
86ec8d,STMDU-3,CAMP_SAN_01,P04,370,303.0,BOGOF,185,1172
4fc1b2,STCHE-2,CAMP_DIW_01,P08,1190,47.0,BOGOF,595,165
420258,STVSK-3,CAMP_SAN_01,P14,1020,54.0,BOGOF,510,137
0f5588,STMYS-3,CAMP_DIW_01,P03,156,378.0,25% OFF,117,332
86196b,STTRV-0,CAMP_SAN_01,P06,415,13.0,25% OFF,311,11
4dcb0e,STBLR-8,CAMP_SAN_01,P03,200,360.0,BOGOF,100,1414
9acfa3,STCHE-0,CAMP_DIW_01,P12,62,115.0,50% OFF,31,154
ebbbb9,STVSK-1,CAMP_SAN_01,P05,55,19.0,25% OFF,41,14
b6233e,STMLR-2,CAMP_DIW_01,P01,172,175.0,33% OFF,115,222
f25735,STBLR-3,CAMP_DIW_01,P09,110,66.0,50% OFF,55,85
ec29f9,STTRV-1,CAMP_SAN_01,P06,415,21.0,25% OFF,311,19
ea384f,STBLR-7,CAMP_SAN_01,P10,50,40.0,25% OFF,37,33
21ac82,STHYD-2,CAMP_SAN_01,P06,415,46.0,25% OFF,311,34
7a9ebd,STTRV-0,CAMP_DIW_01,P11,190,33.0,50% OFF,95,42
80be79,STBLR-4,CAMP_SAN_01,P08,1190,39.0,BOGOF,595,156
ff9fa7,STBLR-9,CAMP_SAN_01,P06,415,43.0,25% OFF,311,40
f940cf,STHYD-6,CAMP_DIW_01,P13,350,77.0,BOGOF,175,260
1e51ee,STVSK-3,CAMP_SAN_01,P12,62,43.0,50% OFF,31,51
5.00E+300,STVJD-1,CAMP_DIW_01,P14,1020,24.0,BOGOF,510,80
f0365e,STCHE-2,CAMP_DIW_01,P09,110,85.0,50% OFF,55,90
acaff0,STHYD-0,CAMP_DIW_01,P12,62,133.0,50% OFF,31,195
1ed982,STCHE-6,CAMP_DIW_01,P13,350,75.0,BOGOF,175,252
b46d32,STMDU-1,CAMP_SAN_01,P04,370,337.0,BOGOF,185,1337
ce68be,STCHE-3,CAMP_SAN_01,P01,172,310.0,33% OFF,115,421
1a4a61,STCHE-1,CAMP_SAN_01,P06,415,36.0,25% OFF,311,29
2c7cc7,STBLR-1,CAMP_SAN_01,P10,50,28.0,25% OFF,37,24
9e59d5,STVSK-1,CAMP_DIW_01,P05,55,64.0,25% OFF,41,49
79f662,STVSK-1,CAMP_SAN_01,P09,90,40.0,25% OFF,67,28
463205,STVSK-2,CAMP_DIW_01,P02,860,215.0,33% OFF,576,371
bf2632,STCHE-1,CAMP_SAN_01,P12,62,57.0,50% OFF,31,66
951bda,STBLR-9,CAMP_DIW_01,P07,300,63.0,BOGOF,150,213
ef61c6,STHYD-2,CAMP_SAN_01,P07,300,48.0,BOGOF,150,188
69a3d2,STTRV-1,CAMP_SAN_01,P08,1190,24.0,BOGOF,595,92
d5b8af,STVJD-1,CAMP_SAN_01,P11,190,25.0,50% OFF,95,35
0f8686,STVSK-0,CAMP_SAN_01,P07,300,24.0,BOGOF,150,92
4a42f9,STBLR-7,CAMP_DIW_01,P08,1190,49.0,BOGOF,595,186
d953a5,STBLR-1,CAMP_SAN_01,P01,172,297.0,33% OFF,115,418
88a405,STMLR-2,CAMP_DIW_01,P12,62,63.0,50% OFF,31,71
ed2257,STBLR-2,CAMP_DIW_01,P01,172,358.0,33% OFF,115,529
0b9826,STHYD-6,CAMP_DIW_01,P11,190,57.0,50% OFF,95,71
2361c6,STBLR-0,CAMP_DIW_01,P06,415,94.0,25% OFF,311,83
7e28fb,STHYD-4,CAMP_DIW_01,P06,415,96.0,25% OFF,311,92
a7c40d,STMLR-1,CAMP_DIW_01,P09,110,38.0,50% OFF,55,50
d1ceaf,STBLR-5,CAMP_SAN_01,P10,50,36.0,25% OFF,37,29
1a1a02,STBLR-0,CAMP_SAN_01,P04,370,465.0,BOGOF,185,2064
a1ef43,STTRV-1,CAMP_SAN_01,P12,62,78.0,50% OFF,31,38
da1969,STVSK-1,CAMP_SAN_01,P03,200,322.0,BOGOF,100,1291
802dfa,STBLR-3,CAMP_SAN_01,P07,300,54.0,BOGOF,150,217
e5d28d,STVSK-0,CAMP_SAN_01,P13,350,73.0,BOGOF,175,282
33da9a,STHYD-5,CAMP_DIW_01,P14,1020,54.0,BOGOF,510,183
ef95a9,STBLR-3,CAMP_DIW_01,P13,350,87.0,BOGOF,175,298
6ee8ab,STVSK-0,CAMP_SAN_01,P06,415,16.0,25% OFF,311,13
34ac29,STMDU-0,CAMP_DIW_01,P06,415,73.0,25% OFF,311,64
9fae1c,STHYD-2,CAMP_DIW_01,P15,3000,400.0,500 Cashback,2500,1176
0953d7,STVSK-1,CAMP_SAN_01,P02,860,387.0,33% OFF,576,530
8.31E+08,STCBE-2,CAMP_DIW_01,P08,1190,33.0,BOGOF,595,129
c134bb,STBLR-8,CAMP_SAN_01,P07,300,51.0,BOGOF,150,205
def6ff,STMDU-0,CAMP_DIW_01,P11,190,70.0,50% OFF,95,89
29411f,STBLR-6,CAMP_SAN_01,P08,1190,69.0,BOGOF,595,303
75c3a0,STBLR-0,CAMP_DIW_01,P13,350,73.0,BOGOF,175,282
8e6ee5,STMLR-0,CAMP_DIW_01,P05,55,52.0,25% OFF,41,45
53bb94,STHYD-2,CAMP_DIW_01,P02,860,402.0,33% OFF,576,611
d41d53,STCHE-5,CAMP_DIW_01,P01,172,334.0,33% OFF,115,424
cea0e2,STCHE-2,CAMP_DIW_01,P11,190,73.0,50% OFF,95,84
d62a10,STCHE-7,CAMP_DIW_01,P13,350,63.0,BOGOF,175,242
ab8eb3,STHYD-6,CAMP_DIW_01,P06,415,85.0,25% OFF,311,74
eb8939,STBLR-9,CAMP_DIW_01,P06,415,91.0,25% OFF,311,89
366c89,STMDU-3,CAMP_SAN_01,P06,415,25.0,25% OFF,311,20
0a0062,STHYD-4,CAMP_DIW_01,P12,62,110.0,50% OFF,31,146
5c7b20,STCBE-4,CAMP_DIW_01,P05,55,101.0,25% OFF,41,89
e4f1f3,STCBE-3,CAMP_SAN_01,P11,190,33.0,50% OFF,95,50
c4dae9,STHYD-0,CAMP_DIW_01,P08,1190,52.0,BOGOF,595,180
cc4a67,STTRV-0,CAMP_DIW_01,P03,156,187.0,25% OFF,117,181
861116,STBLR-7,CAMP_DIW_01,P06,415,96.0,25% OFF,311,84
9cf38e,STCBE-3,CAMP_SAN_01,P09,90,40.0,25% OFF,67,32
3a8b79,STMDU-0,CAMP_DIW_01,P07,300,49.0,BOGOF,150,199
95f061,STMYS-3,CAMP_SAN_01,P15,3000,78.0,500 Cashback,2500,443
7f1521,STMYS-1,CAMP_SAN_01,P05,55,19.0,25% OFF,41,14
6.20E+94,STMYS-0,CAMP_SAN_01,P08,1190,48.0,BOGOF,595,129
32c24e,STBLR-8,CAMP_DIW_01,P02,860,392.0,33% OFF,576,568
2c8137,STVSK-3,CAMP_SAN_01,P07,300,31.0,BOGOF,150,77
8d349f,STCBE-4,CAMP_SAN_01,P10,50,22.0,25% OFF,37,18
5715c0,STVSK-1,CAMP_SAN_01,P12,62,46.0,50% OFF,31,66
cac6b5,STCBE-4,CAMP_SAN_01,P11,190,28.0,50% OFF,95,39
9bc176,STHYD-3,CAMP_SAN_01,P04,370,416.0,BOGOF,185,1085
e74698,STBLR-5,CAMP_DIW_01,P14,1020,43.0,BOGOF,510,144
171bbb,STTRV-0,CAMP_SAN_01,P15,3000,79.0,500 Cashback,2500,171
91649,STMDU-1,CAMP_SAN_01,P13,350,73.0,BOGOF,175,287
c115da,STCHE-2,CAMP_DIW_01,P13,350,84.0,BOGOF,175,293
5f313a,STCHE-2,CAMP_DIW_01,P10,65,78.0,50% OFF,32,135
da9b71,STVSK-1,CAMP_DIW_01,P06,415,63.0,25% OFF,311,51
a50d87,STCBE-3,CAMP_DIW_01,P10,65,82.0,50% OFF,32,122
90b5b0,STBLR-3,CAMP_SAN_01,P05,55,25.0,25% OFF,41,18
6ba4b5,STMDU-0,CAMP_SAN_01,P05,55,15.0,25% OFF,41,12
65f85a,STBLR-7,CAMP_SAN_01,P12,62,58.0,50% OFF,31,92
c8e17c,STMLR-1,CAMP_DIW_01,P02,860,166.0,33% OFF,576,252
f35446,STTRV-0,CAMP_DIW_01,P09,110,33.0,50% OFF,55,43
8a219d,STBLR-8,CAMP_DIW_01,P08,1190,64.0,BOGOF,595,218
7d1872,STMYS-2,CAMP_DIW_01,P02,860,283.0,33% OFF,576,430
6bfa15,STCBE-2,CAMP_SAN_01,P06,415,16.0,25% OFF,311,13
26a18a,STVSK-3,CAMP_SAN_01,P15,3000,109.0,500 Cashback,2500,192
f94f2f,STTRV-1,CAMP_DIW_01,P08,1190,28.0,BOGOF,595,92
17195,STCHE-4,CAMP_SAN_01,P11,190,45.0,50% OFF,95,64
ba0b3e,STBLR-7,CAMP_SAN_01,P07,300,40.0,BOGOF,150,165
fa0c0c,STCBE-1,CAMP_DIW_01,P13,350,40.0,BOGOF,175,132
c32fcd,STHYD-3,CAMP_SAN_01,P08,1190,73.0,BOGOF,595,192
00af86,STCBE-0,CAMP_SAN_01,P06,415,15.0,25% OFF,311,14
cb43c4,STCHE-0,CAMP_SAN_01,P14,1020,106.0,BOGOF,510,424
5947fb,STBLR-9,CAMP_SAN_01,P15,3000,118.0,500 Cashback,2500,251
9fcb92,STMDU-2,CAMP_DIW_01,P15,3000,315.0,500 Cashback,2500,976
800f42,STMDU-3,CAMP_SAN_01,P03,200,273.0,BOGOF,100,1097
675714,STCBE-3,CAMP_DIW_01,P13,350,61.0,BOGOF,175,201
1f5ed3,STVSK-1,CAMP_SAN_01,P08,1190,33.0,BOGOF,595,131
8c62ba,STVSK-0,CAMP_DIW_01,P01,172,161.0,33% OFF,115,265
14ff29,STBLR-3,CAMP_SAN_01,P11,190,43.0,50% OFF,95,62
d3d574,STMLR-2,CAMP_SAN_01,P08,1190,16.0,BOGOF,595,63
eccfbe,STCHE-1,CAMP_DIW_01,P02,860,364.0,33% OFF,576,451
e2f806,STMDU-1,CAMP_DIW_01,P14,1020,36.0,BOGOF,510,126
ac0db6,STBLR-8,CAMP_SAN_01,P06,415,22.0,25% OFF,311,16
0e888c,STVSK-3,CAMP_DIW_01,P02,860,274.0,33% OFF,576,334
c2ee4f,STVSK-3,CAMP_SAN_01,P13,350,58.0,BOGOF,175,148
03b653,STCBE-3,CAMP_DIW_01,P02,860,266.0,33% OFF,576,446
3070a3,STVSK-3,CAMP_DIW_01,P10,65,68.0,50% OFF,32,76
6b74c8,STBLR-5,CAMP_DIW_01,P15,3000,379.0,500 Cashback,2500,1095
12bb06,STHYD-1,CAMP_DIW_01,P03,156,351.0,25% OFF,117,319
1.11E+11,STMYS-3,CAMP_SAN_01,P11,190,43.0,50% OFF,95,48
82ff02,STMDU-0,CAMP_SAN_01,P10,50,22.0,25% OFF,37,18
5e1671,STCHE-2,CAMP_SAN_01,P10,50,34.0,25% OFF,37,30
9a425b,STCBE-0,CAMP_DIW_01,P03,156,276.0,25% OFF,117,267
3.42E+08,STMDU-3,CAMP_SAN_01,P11,190,34.0,50% OFF,95,38
966652,STCBE-3,CAMP_DIW_01,P05,55,64.0,25% OFF,41,55
a3caaa,STCHE-0,CAMP_DIW_01,P10,65,126.0,50% OFF,32,167
c873b4,STVSK-4,CAMP_DIW_01,P02,860,267.0,33% OFF,576,389
02fe6a,STMLR-1,CAMP_DIW_01,P04,290,152.0,25% OFF,217,133
18810a,STMYS-1,CAMP_DIW_01,P02,860,395.0,33% OFF,576,711
cc2182,STMDU-1,CAMP_DIW_01,P12,62,85.0,50% OFF,31,117
f856b9,STMLR-2,CAMP_SAN_01,P15,3000,66.0,500 Cashback,2500,147
d33904,STMYS-3,CAMP_DIW_01,P07,300,59.0,BOGOF,150,233
7e9777,STVJD-1,CAMP_DIW_01,P08,1190,24.0,BOGOF,595,82
531a22,STBLR-3,CAMP_DIW_01,P11,190,71.0,50% OFF,95,90
e2a523,STHYD-5,CAMP_DIW_01,P07,300,59.0,BOGOF,150,195
2ae8b8,STCBE-2,CAMP_SAN_01,P10,50,22.0,25% OFF,37,18
8f4f8c,STVJD-1,CAMP_DIW_01,P02,860,210.0,33% OFF,576,321
1.53E+07,STCHE-7,CAMP_SAN_01,P12,62,67.0,50% OFF,31,95
e2c229,STTRV-1,CAMP_SAN_01,P15,3000,54.0,500 Cashback,2500,125
2cc7f0,STMDU-3,CAMP_SAN_01,P02,860,457.0,33% OFF,576,548
715baf,STHYD-3,CAMP_DIW_01,P13,350,82.0,BOGOF,175,239
6a1a5a,STVSK-0,CAMP_DIW_01,P15,3000,250.0,500 Cashback,2500,755
d59c23,STCBE-3,CAMP_DIW_01,P03,156,252.0,25% OFF,117,224
e0844a,STTRV-1,CAMP_DIW_01,P10,65,64.0,50% OFF,32,80
0f2c3a,STCBE-0,CAMP_SAN_01,P07,300,30.0,BOGOF,150,117
b55027,STCHE-6,CAMP_SAN_01,P10,50,31.0,25% OFF,37,22
5bc324,STTRV-1,CAMP_DIW_01,P14,1020,19.0,BOGOF,510,66
18c9f4,STBLR-1,CAMP_DIW_01,P03,156,385.0,25% OFF,117,369
2fc575,STBLR-0,CAMP_DIW_01,P12,62,147.0,50% OFF,31,198
c3bbcc,STBLR-2,CAMP_SAN_01,P07,300,31.0,BOGOF,150,122
c4b10c,STCHE-5,CAMP_DIW_01,P06,415,87.0,25% OFF,311,77
1f0eaf,STBLR-6,CAMP_SAN_01,P15,3000,147.0,500 Cashback,2500,385
32b8a7,STBLR-2,CAMP_DIW_01,P03,156,378.0,25% OFF,117,343
be6ab1,STCHE-4,CAMP_SAN_01,P09,90,73.0,25% OFF,67,60
e5e0dc,STHYD-0,CAMP_SAN_01,P07,300,52.0,BOGOF,150,204
a16acc,STBLR-4,CAMP_SAN_01,P11,190,43.0,50% OFF,95,59
380c68,STTRV-1,CAMP_DIW_01,P07,300,29.0,BOGOF,150,96
e9c690,STMDU-3,CAMP_SAN_01,P09,90,45.0,25% OFF,67,38
f8b215,STBLR-4,CAMP_DIW_01,P14,1020,40.0,BOGOF,510,138
5e0a8c,STBLR-5,CAMP_SAN_01,P12,62,55.0,50% OFF,31,77
ad56bd,STMLR-2,CAMP_DIW_01,P09,110,36.0,50% OFF,55,37
3af058,STVSK-3,CAMP_DIW_01,P07,300,36.0,BOGOF,150,108
4fca07,STMLR-2,CAMP_SAN_01,P01,172,183.0,33% OFF,115,215
6bf19b,STTRV-1,CAMP_DIW_01,P04,290,169.0,25% OFF,217,160
e8aca2,STCBE-4,CAMP_DIW_01,P08,1190,40.0,BOGOF,595,119
365da3,STCBE-1,CAMP_SAN_01,P06,415,21.0,25% OFF,311,15
b76614,STMLR-0,CAMP_SAN_01,P12,62,33.0,50% OFF,31,47
5a0c33,STCBE-2,CAMP_DIW_01,P10,65,87.0,50% OFF,32,127
f46036,STVSK-4,CAMP_DIW_01,P13,350,61.0,BOGOF,175,178
49057f,STHYD-0,CAMP_SAN_01,P15,3000,121.0,500 Cashback,2500,274
b78a4f,STCBE-3,CAMP_SAN_01,P13,350,99.0,BOGOF,175,383
05e55f,STBLR-0,CAMP_SAN_01,P03,200,415.0,BOGOF,100,1759
a26e60,STTRV-1,CAMP_DIW_01,P13,350,36.0,BOGOF,175,122
de0a50,STCHE-7,CAMP_SAN_01,P05,55,28.0,25% OFF,41,26
d134e0,STBLR-3,CAMP_DIW_01,P15,3000,442.0,500 Cashback,2500,1365
42b041,STBLR-1,CAMP_DIW_01,P01,172,357.0,33% OFF,115,514
a0dc46,STHYD-3,CAMP_DIW_01,P05,55,129.0,25% OFF,41,104
a21f91,STBLR-8,CAMP_DIW_01,P03,156,393.0,25% OFF,117,322
785811,STCHE-0,CAMP_SAN_01,P10,50,25.0,25% OFF,37,20
aac58d,STBLR-6,CAMP_DIW_01,P08,1190,52.0,BOGOF,595,204
95792f,STMDU-2,CAMP_SAN_01,P15,3000,106.0,500 Cashback,2500,243
c8035e,STCHE-3,CAMP_SAN_01,P13,350,122.0,BOGOF,175,529
669d35,STCHE-1,CAMP_DIW_01,P12,62,108.0,50% OFF,31,124
12573c,STHYD-3,CAMP_SAN_01,P12,62,64.0,50% OFF,31,100
5ea63d,STCBE-3,CAMP_DIW_01,P12,62,82.0,50% OFF,31,126
141aea,STCHE-7,CAMP_SAN_01,P14,1020,111.0,BOGOF,510,493
4a34a6,STVSK-4,CAMP_SAN_01,P09,90,34.0,25% OFF,67,25
8cd89f,STHYD-0,CAMP_SAN_01,P03,200,363.0,BOGOF,100,1408
c48008,STBLR-2,CAMP_DIW_01,P14,1020,47.0,BOGOF,510,162
11ea6f,STMDU-2,CAMP_DIW_01,P04,290,271.0,25% OFF,217,243
b68b77,STCBE-0,CAMP_SAN_01,P01,172,244.0,33% OFF,115,368
ba72b1,STMDU-1,CAMP_SAN_01,P05,55,15.0,25% OFF,41,12
608271,STMDU-0,CAMP_SAN_01,P15,3000,122.0,500 Cashback,2500,342
b1a501,STBLR-0,CAMP_DIW_01,P11,190,80.0,50% OFF,95,108
cd4c5a,STMLR-0,CAMP_SAN_01,P09,90,34.0,25% OFF,67,28
b92097,STCBE-4,CAMP_DIW_01,P03,156,257.0,25% OFF,117,221
57a7bc,STHYD-5,CAMP_SAN_01,P14,1020,100.0,BOGOF,510,391
160abb,STCBE-3,CAMP_SAN_01,P02,860,336.0,33% OFF,576,534
baecfe,STVJD-0,CAMP_SAN_01,P12,62,31.0,50% OFF,31,43
4f0587,STMDU-0,CAMP_SAN_01,P08,1190,33.0,BOGOF,595,136
ed90b8,STVSK-4,CAMP_SAN_01,P05,55,18.0,25% OFF,41,13
dbd453,STMLR-1,CAMP_SAN_01,P03,200,195.0,BOGOF,100,776
45c35a,STHYD-5,CAMP_SAN_01,P11,190,54.0,50% OFF,95,76
f7aec5,STCHE-5,CAMP_SAN_01,P13,350,87.0,BOGOF,175,341
2e0950,STBLR-0,CAMP_DIW_01,P05,55,133.0,25% OFF,41,114
5202ed,STBLR-4,CAMP_DIW_01,P03,156,306.0,25% OFF,117,275
003c65,STBLR-9,CAMP_SAN_01,P13,350,114.0,BOGOF,175,457
a55960,STBLR-1,CAMP_DIW_01,P08,1190,50.0,BOGOF,595,149
63a2d2,STCHE-3,CAMP_DIW_01,P08,1190,47.0,BOGOF,595,186
f45be0,STCHE-2,CAMP_SAN_01,P05,55,25.0,25% OFF,41,23
f60d93,STCBE-0,CAMP_DIW_01,P05,55,78.0,25% OFF,41,75
3164ea,STMDU-2,CAMP_SAN_01,P01,172,265.0,33% OFF,115,328
1e5ae7,STCHE-7,CAMP_SAN_01,P09,90,54.0,25% OFF,67,51
9.33E+11,STBLR-3,CAMP_SAN_01,P08,1190,40.0,BOGOF,595,154
a05e82,STMYS-3,CAMP_SAN_01,P13,350,124.0,BOGOF,175,527
8869,STCBE-4,CAMP_SAN_01,P13,350,75.0,BOGOF,175,200
1768c2,STHYD-0,CAMP_DIW_01,P02,860,367.0,33% OFF,576,601
de6e7e,STVSK-1,CAMP_SAN_01,P15,3000,88.0,500 Cashback,2500,186
5e59a1,STTRV-0,CAMP_SAN_01,P05,55,12.0,25% OFF,41,11
38ebfb,STCBE-1,CAMP_SAN_01,P10,50,27.0,25% OFF,37,20
f65a1e,STVSK-4,CAMP_DIW_01,P04,290,255.0,25% OFF,217,196
6d65d2,STBLR-8,CAMP_SAN_01,P04,370,480.0,BOGOF,185,1867
8d7458,STCBE-1,CAMP_DIW_01,P12,62,98.0,50% OFF,31,109
726ac4,STBLR-5,CAMP_SAN_01,P04,370,454.0,BOGOF,185,1756
e8a904,STCHE-7,CAMP_DIW_01,P05,55,112.0,25% OFF,41,107
cca40f,STBLR-1,CAMP_SAN_01,P12,62,73.0,50% OFF,31,102
432f1d,STBLR-4,CAMP_SAN_01,P05,55,19.0,25% OFF,41,15
bcffbb,STCBE-0,CAMP_DIW_01,P11,190,36.0,50% OFF,95,56
be3489,STHYD-3,CAMP_DIW_01,P14,1020,38.0,BOGOF,510,119
d622c3,STHYD-0,CAMP_SAN_01,P10,50,25.0,25% OFF,37,20
105788,STCHE-0,CAMP_SAN_01,P07,300,58.0,BOGOF,150,232
4f560f,STHYD-0,CAMP_SAN_01,P02,860,514.0,33% OFF,576,791
ca7298,STCBE-2,CAMP_SAN_01,P15,3000,85.0,500 Cashback,2500,228
003e8d,STCHE-3,CAMP_DIW_01,P02,860,371.0,33% OFF,576,519
1c1cb7,STHYD-5,CAMP_SAN_01,P10,50,39.0,25% OFF,37,35
144c17,STCHE-2,CAMP_DIW_01,P02,860,411.0,33% OFF,576,509
9c2c14,STVSK-0,CAMP_DIW_01,P14,1020,29.0,BOGOF,510,97
555fcd,STVSK-3,CAMP_DIW_01,P13,350,57.0,BOGOF,175,178
729701,STVSK-2,CAMP_SAN_01,P06,415,22.0,25% OFF,311,18
4cc388,STBLR-7,CAMP_SAN_01,P02,860,526.0,33% OFF,576,799
741bef,STMYS-0,CAMP_SAN_01,P13,350,114.0,BOGOF,175,287
46d796,STHYD-6,CAMP_SAN_01,P07,300,51.0,BOGOF,150,205
1e5c85,STBLR-7,CAMP_DIW_01,P01,172,341.0,33% OFF,115,606
5c2d1f,STCBE-2,CAMP_SAN_01,P03,200,304.0,BOGOF,100,1340
f6c17f,STBLR-0,CAMP_SAN_01,P09,90,54.0,25% OFF,67,45
8d68bc,STHYD-2,CAMP_DIW_01,P03,156,357.0,25% OFF,117,289
d0356d,STCHE-0,CAMP_DIW_01,P08,1190,45.0,BOGOF,595,152
e45c30,STMDU-1,CAMP_DIW_01,P06,415,78.0,25% OFF,311,63
cf616b,STMYS-2,CAMP_DIW_01,P09,110,64.0,50% OFF,55,84
ca1e8f,STHYD-1,CAMP_DIW_01,P08,1190,54.0,BOGOF,595,167
541bef,STHYD-4,CAMP_SAN_01,P01,172,234.0,33% OFF,115,322
6909d3,STBLR-2,CAMP_DIW_01,P02,860,390.0,33% OFF,576,585
1c3fb4,STMLR-1,CAMP_SAN_01,P02,860,237.0,33% OFF,576,327
26e506,STCHE-0,CAMP_SAN_01,P09,90,72.0,25% OFF,67,59
e5804e,STHYD-0,CAMP_DIW_01,P01,172,316.0,33% OFF,115,521
68e849,STMLR-2,CAMP_DIW_01,P06,415,40.0,25% OFF,311,34
699bac,STCHE-7,CAMP_SAN_01,P07,300,42.0,BOGOF,150,183
edac38,STBLR-1,CAMP_DIW_01,P11,190,70.0,50% OFF,95,93
c917a3,STCHE-3,CAMP_DIW_01,P04,290,350.0,25% OFF,217,311
1b0022,STVSK-0,CAMP_SAN_01,P04,370,370.0,BOGOF,185,1457
7014a8,STBLR-8,CAMP_SAN_01,P14,1020,97.0,BOGOF,510,385
16fb87,STBLR-2,CAMP_SAN_01,P10,50,37.0,25% OFF,37,31
c0ecb5,STCHE-2,CAMP_SAN_01,P07,300,43.0,BOGOF,150,167
efd0d2,STMYS-2,CAMP_DIW_01,P15,3000,486.0,500 Cashback,2500,1273
3ec68b,STBLR-1,CAMP_DIW_01,P09,110,73.0,50% OFF,55,95
1d651c,STCHE-5,CAMP_SAN_01,P15,3000,121.0,500 Cashback,2500,273
f97b6d,STMLR-2,CAMP_DIW_01,P07,300,33.0,BOGOF,150,115
f41256,STMLR-1,CAMP_SAN_01,P15,3000,58.0,500 Cashback,2500,128
79d01b,STHYD-1,CAMP_DIW_01,P11,190,61.0,50% OFF,95,72
ec3591,STCHE-1,CAMP_SAN_01,P09,90,79.0,25% OFF,67,63
bb447f,STCBE-3,CAMP_SAN_01,P12,62,36.0,50% OFF,31,55
9413a7,STHYD-3,CAMP_DIW_01,P11,190,80.0,50% OFF,95,124
0a8543,STHYD-4,CAMP_DIW_01,P01,172,304.0,33% OFF,115,465
5.40E+190,STBLR-0,CAMP_DIW_01,P02,860,362.0,33% OFF,576,535
440bd9,STBLR-0,CAMP_SAN_01,P13,350,129.0,BOGOF,175,528
f741af,STHYD-2,CAMP_SAN_01,P01,172,333.0,33% OFF,115,456
5a94d6,STVSK-0,CAMP_DIW_01,P06,415,64.0,25% OFF,311,58
5c50b6,STHYD-6,CAMP_SAN_01,P09,90,55.0,25% OFF,67,45
27bc6e,STCBE-2,CAMP_DIW_01,P14,1020,42.0,BOGOF,510,160
13ad42,STMDU-0,CAMP_DIW_01,P03,156,241.0,25% OFF,117,209
626cb9,STMLR-0,CAMP_DIW_01,P09,110,36.0,50% OFF,55,48
7634c0,STMLR-0,CAMP_SAN_01,P10,50,15.0,25% OFF,37,12
74d23a,STCHE-0,CAMP_DIW_01,P07,300,75.0,BOGOF,150,252
dcaeaa,STBLR-7,CAMP_DIW_01,P04,290,276.0,25% OFF,217,242
3f9b4d,STHYD-5,CAMP_SAN_01,P09,90,66.0,25% OFF,67,62
f2bdcc,STBLR-4,CAMP_DIW_01,P01,172,337.0,33% OFF,115,478
c5ba9b,STMYS-0,CAMP_SAN_01,P01,172,279.0,33% OFF,115,401
30bacd,STBLR-3,CAMP_DIW_01,P14,1020,42.0,BOGOF,510,143
a26b45,STBLR-3,CAMP_DIW_01,P01,172,287.0,33% OFF,115,413
23421e,STBLR-2,CAMP_SAN_01,P12,62,54.0,50% OFF,31,77
7c8fd1,STMYS-3,CAMP_DIW_01,P15,3000,78.0,500 Cashback,2500,1472
b7f012,STMYS-2,CAMP_SAN_01,P15,3000,118.0,500 Cashback,2500,208
0312a8,STCHE-7,CAMP_DIW_01,P15,3000,393.0,500 Cashback,2500,1375
fe3560,STHYD-4,CAMP_DIW_01,P13,350,73.0,BOGOF,175,245
f88523,STTRV-1,CAMP_SAN_01,P05,55,10.0,25% OFF,41,9
48d526,STCHE-7,CAMP_SAN_01,P15,3000,115.0,500 Cashback,2500,332
66b7cc,STCHE-3,CAMP_DIW_01,P13,350,82.0,BOGOF,175,328
021d48,STMLR-2,CAMP_SAN_01,P14,1020,61.0,BOGOF,510,243
e875c6,STCBE-2,CAMP_DIW_01,P03,156,225.0,25% OFF,117,195
4f757f,STMYS-1,CAMP_SAN_01,P13,350,129.0,BOGOF,175,540
c6d7c5,STMYS-3,CAMP_DIW_01,P12,62,124.0,50% OFF,31,145
c4a484,STMYS-2,CAMP_DIW_01,P01,172,295.0,33% OFF,115,454
879d99,STHYD-5,CAMP_DIW_01,P09,110,92.0,50% OFF,55,124
582098,STMYS-1,CAMP_SAN_01,P14,1020,109.0,BOGOF,510,453
02b894,STBLR-2,CAMP_SAN_01,P02,860,477.0,33% OFF,576,658
62d659,STHYD-6,CAMP_DIW_01,P10,65,105.0,50% OFF,32,137
9b8658,STHYD-5,CAMP_DIW_01,P11,190,73.0,50% OFF,95,97
fd4e7e,STCBE-4,CAMP_SAN_01,P03,200,336.0,BOGOF,100,913
bfdede,STMYS-2,CAMP_SAN_01,P11,190,61.0,50% OFF,95,86
ac6273,STHYD-2,CAMP_DIW_01,P01,172,281.0,33% OFF,115,435
f0500d,STCHE-6,CAMP_DIW_01,P09,110,66.0,50% OFF,55,82
29687a,STVJD-0,CAMP_SAN_01,P02,860,298.0,33% OFF,576,420
5f65df,STCHE-2,CAMP_SAN_01,P13,350,105.0,BOGOF,175,423
4aa530,STMYS-0,CAMP_DIW_01,P02,860,465.0,33% OFF,576,674
38b760,STMDU-0,CAMP_DIW_01,P14,1020,33.0,BOGOF,510,126
6eede8,STTRV-0,CAMP_SAN_01,P11,190,22.0,50% OFF,95,30
dc23bb,STVSK-0,CAMP_DIW_01,P08,1190,42.0,BOGOF,595,145
361cfb,STMLR-0,CAMP_DIW_01,P14,1020,22.0,BOGOF,510,69
151c7d,STMLR-1,CAMP_DIW_01,P06,415,49.0,25% OFF,311,42
5f18fc,STVJD-1,CAMP_SAN_01,P10,50,18.0,25% OFF,37,13
9d1009,STHYD-0,CAMP_DIW_01,P06,415,78.0,25% OFF,311,68
21b73e,STTRV-0,CAMP_DIW_01,P05,55,61.0,25% OFF,41,59
a71e7c,STCBE-2,CAMP_SAN_01,P12,62,33.0,50% OFF,31,51
60229b,STCBE-3,CAMP_DIW_01,P01,172,241.0,33% OFF,115,404
0842b9,STCBE-1,CAMP_DIW_01,P04,290,227.0,25% OFF,217,172
fcee36,STMYS-0,CAMP_SAN_01,P12,62,66.0,50% OFF,31,92
449732,STBLR-9,CAMP_DIW_01,P05,55,101.0,25% OFF,41,97
8f66c3,STMLR-1,CAMP_SAN_01,P01,172,126.0,33% OFF,115,175
345b49,STMDU-2,CAMP_SAN_01,P14,1020,76.0,BOGOF,510,300
005c46,STCBE-2,CAMP_SAN_01,P05,55,18.0,25% OFF,41,15
0f184e,STVSK-0,CAMP_DIW_01,P05,55,89.0,25% OFF,41,80
635862,STVSK-4,CAMP_SAN_01,P02,860,348.0,33% OFF,576,480
5dd3d3,STVJD-0,CAMP_DIW_01,P09,110,40.0,50% OFF,55,54
6ebca9,STTRV-0,CAMP_SAN_01,P13,350,60.0,BOGOF,175,240
177b80,STMLR-0,CAMP_SAN_01,P14,1020,37.0,BOGOF,510,96
4ab3bc,STHYD-2,CAMP_SAN_01,P09,90,66.0,25% OFF,67,49
9155d1,STTRV-1,CAMP_DIW_01,P11,190,33.0,50% OFF,95,43
a42141,STMDU-1,CAMP_SAN_01,P15,3000,85.0,500 Cashback,2500,195
8e1636,STBLR-4,CAMP_SAN_01,P15,3000,109.0,500 Cashback,2500,249
77c2be,STBLR-8,CAMP_DIW_01,P06,415,78.0,25% OFF,311,62
aa96fc,STCHE-4,CAMP_SAN_01,P04,370,379.0,BOGOF,185,1603
4b8e08,STHYD-1,CAMP_SAN_01,P11,190,37.0,50% OFF,95,41
5ae6d6,STBLR-1,CAMP_SAN_01,P09,90,82.0,25% OFF,67,74
e0de60,STHYD-6,CAMP_DIW_01,P03,156,327.0,25% OFF,117,294
8ba5a1,STBLR-6,CAMP_DIW_01,P09,110,84.0,50% OFF,55,131
93a29e,STCHE-4,CAMP_SAN_01,P05,55,28.0,25% OFF,41,22
a298bc,STVJD-1,CAMP_DIW_01,P07,300,33.0,BOGOF,150,109
68a7bc,STBLR-5,CAMP_DIW_01,P04,290,322.0,25% OFF,217,276
a02f06,STMLR-2,CAMP_SAN_01,P04,370,226.0,BOGOF,185,881
4d3722,STMLR-0,CAMP_DIW_01,P04,290,175.0,25% OFF,217,150
d88318,STCHE-5,CAMP_DIW_01,P08,1190,45.0,BOGOF,595,149
8564bb,STVSK-4,CAMP_SAN_01,P04,370,291.0,BOGOF,185,762
35e3ec,STMDU-1,CAMP_SAN_01,P07,300,40.0,BOGOF,150,154
ff18f2,STVSK-3,CAMP_DIW_01,P15,3000,260.0,500 Cashback,2500,681
3.14E+36,STCBE-4,CAMP_DIW_01,P04,290,252.0,25% OFF,217,226
a6276f,STCHE-4,CAMP_DIW_01,P14,1020,56.0,BOGOF,510,224
94f48c,STVSK-1,CAMP_SAN_01,P06,415,22.0,25% OFF,311,16
36968d,STMDU-1,CAMP_SAN_01,P02,860,78.0,33% OFF,576,404
f304a8,STMYS-1,CAMP_DIW_01,P04,290,204.0,25% OFF,217,157
5c3c33,STCHE-6,CAMP_DIW_01,P12,62,154.0,50% OFF,31,207
59effd,STBLR-5,CAMP_SAN_01,P14,1020,97.0,BOGOF,510,380
3b4a4f,STBLR-0,CAMP_DIW_01,P04,290,337.0,25% OFF,217,296
6639a5,STMDU-0,CAMP_SAN_01,P07,300,31.0,BOGOF,150,130
1548f8,STVSK-4,CAMP_SAN_01,P15,3000,100.0,500 Cashback,2500,175
578a67,STBLR-2,CAMP_DIW_01,P11,190,101.0,50% OFF,95,131
323aee,STVSK-0,CAMP_DIW_01,P07,300,36.0,BOGOF,150,119
9b309b,STMYS-0,CAMP_SAN_01,P09,90,67.0,25% OFF,67,56
aabcfb,STVSK-3,CAMP_SAN_01,P02,860,345.0,33% OFF,576,438
cfa879,STCHE-4,CAMP_SAN_01,P13,350,114.0,BOGOF,175,502
693708,STBLR-3,CAMP_SAN_01,P03,200,454.0,BOGOF,100,1788
fb4f00,STCHE-0,CAMP_DIW_01,P11,190,80.0,50% OFF,95,102
74657,STMLR-0,CAMP_DIW_01,P02,860,194.0,33% OFF,576,271
b97eb0,STBLR-2,CAMP_SAN_01,P11,190,49.0,50% OFF,95,68
18f69b,STMLR-2,CAMP_DIW_01,P10,65,61.0,50% OFF,32,68
82454e,STMLR-1,CAMP_DIW_01,P05,55,54.0,25% OFF,41,48
0ee55a,STHYD-5,CAMP_DIW_01,P06,415,82.0,25% OFF,311,80
f3a7b2,STHYD-6,CAMP_SAN_01,P01,172,306.0,33% OFF,115,416
fbab9b,STMYS-1,CAMP_DIW_01,P01,172,334.0,33% OFF,115,591
98cc83,STVSK-0,CAMP_DIW_01,P10,65,84.0,50% OFF,32,127
1a1edd,STBLR-7,CAMP_DIW_01,P03,156,343.0,25% OFF,117,301
2.36E+34,STMDU-1,CAMP_DIW_01,P11,190,52.0,50% OFF,95,65
c99d18,STCHE-7,CAMP_DIW_01,P08,1190,54.0,BOGOF,595,218
c55ec9,STBLR-1,CAMP_SAN_01,P15,3000,136.0,500 Cashback,2500,220
6046fa,STBLR-4,CAMP_DIW_01,P12,62,141.0,50% OFF,31,180
316f12,STHYD-6,CAMP_SAN_01,P05,55,33.0,25% OFF,41,27
bff226,STCBE-1,CAMP_DIW_01,P06,415,57.0,25% OFF,311,44
45512d,STMYS-3,CAMP_SAN_01,P04,370,336.0,BOGOF,185,1434
3f2255,STBLR-3,CAMP_DIW_01,P02,860,381.0,33% OFF,576,563
316cd1,STMYS-2,CAMP_SAN_01,P07,300,45.0,BOGOF,150,122
a692dc,STCHE-1,CAMP_SAN_01,P01,172,270.0,33% OFF,115,340
73f158,STHYD-2,CAMP_SAN_01,P14,1020,118.0,BOGOF,510,459
edacb9,STCHE-3,CAMP_DIW_01,P10,65,119.0,50% OFF,32,154
b8269b,STBLR-1,CAMP_DIW_01,P13,350,77.0,BOGOF,175,232
cf734f,STHYD-4,CAMP_SAN_01,P08,1190,51.0,BOGOF,595,203
2e48c4,STVSK-0,CAMP_DIW_01,P09,110,78.0,50% OFF,55,76
aacd2a,STMYS-3,CAMP_SAN_01,P10,50,25.0,25% OFF,37,21
bb83e5,STMDU-2,CAMP_DIW_01,P08,1190,40.0,BOGOF,595,133
98d4e3,STMLR-2,CAMP_SAN_01,P13,350,70.0,BOGOF,175,281
a6cb9e,STVSK-2,CAMP_SAN_01,P05,55,15.0,25% OFF,41,12
fc3f51,STBLR-6,CAMP_SAN_01,P07,300,40.0,BOGOF,150,165
817b4f,STCHE-5,CAMP_DIW_01,P11,190,78.0,50% OFF,95,92
bfc9da,STBLR-9,CAMP_SAN_01,P04,370,387.0,BOGOF,185,1509
21006,STVSK-2,CAMP_SAN_01,P03,200,192.0,BOGOF,100,754
f517b1,STVSK-4,CAMP_SAN_01,P07,300,33.0,BOGOF,150,83
3952a0,STHYD-2,CAMP_SAN_01,P13,350,114.0,BOGOF,175,441
02fa4b,STVSK-4,CAMP_DIW_01,P01,172,155.0,33% OFF,115,218
fd2628,STBLR-8,CAMP_DIW_01,P15,3000,437.0,500 Cashback,2500,1306
609bfd,STBLR-1,CAMP_DIW_01,P12,62,129.0,50% OFF,31,170
4d8607,STCHE-0,CAMP_DIW_01,P03,156,323.0,25% OFF,117,293
e4235a,STVJD-0,CAMP_SAN_01,P09,90,33.0,25% OFF,67,30
fb29d7,STMYS-3,CAMP_SAN_01,P06,415,28.0,25% OFF,311,23
d3575d,STMLR-2,CAMP_DIW_01,P02,860,210.0,33% OFF,576,268
108a63,STHYD-3,CAMP_SAN_01,P05,55,30.0,25% OFF,41,22
8819fd,STBLR-2,CAMP_DIW_01,P04,290,350.0,25% OFF,217,304
2abe5e,STCHE-6,CAMP_SAN_01,P06,415,40.0,25% OFF,311,28
d8a4ae,STBLR-0,CAMP_SAN_01,P05,55,28.0,25% OFF,41,22
7f81c2,STCHE-2,CAMP_DIW_01,P05,55,91.0,25% OFF,41,88
b526b4,STCHE-7,CAMP_SAN_01,P02,860,525.0,33% OFF,576,756
1d8f76,STMYS-0,CAMP_DIW_01,P01,172,301.0,33% OFF,115,433
3a1cad,STMDU-3,CAMP_DIW_01,P12,62,87.0,50% OFF,31,93
1b6084,STMLR-1,CAMP_DIW_01,P01,172,141.0,33% OFF,115,217
3edc10,STVSK-1,CAMP_DIW_01,P03,156,246.0,25% OFF,117,194
3bc352,STHYD-3,CAMP_DIW_01,P07,300,54.0,BOGOF,150,170
8d20b8,STBLR-5,CAMP_DIW_01,P09,110,75.0,50% OFF,55,95
79a95a,STHYD-3,CAMP_SAN_01,P15,3000,121.0,500 Cashback,2500,200
98e55f,STBLR-4,CAMP_DIW_01,P06,415,101.0,25% OFF,311,90
761785,STBLR-4,CAMP_SAN_01,P14,1020,121.0,BOGOF,510,474
4d22d1,STBLR-9,CAMP_SAN_01,P12,62,52.0,50% OFF,31,73
830e9a,STCHE-1,CAMP_DIW_01,P01,172,325.0,33% OFF,115,396
40baa1,STCBE-0,CAMP_SAN_01,P08,1190,42.0,BOGOF,595,167
b79118,STVSK-3,CAMP_DIW_01,P04,290,236.0,25% OFF,217,210
bc8315,STHYD-1,CAMP_DIW_01,P12,62,122.0,50% OFF,31,135
1271,STCBE-2,CAMP_SAN_01,P13,350,121.0,BOGOF,175,500
d78c78,STCHE-0,CAMP_DIW_01,P14,1020,52.0,BOGOF,510,182
ad2ad4,STMDU-3,CAMP_DIW_01,P04,290,197.0,25% OFF,217,175
788131,STBLR-3,CAMP_DIW_01,P10,65,108.0,50% OFF,32,145
0cc836,STVSK-0,CAMP_SAN_01,P05,55,18.0,25% OFF,41,14
ba7fb5,STCHE-0,CAMP_DIW_01,P05,55,119.0,25% OFF,41,107
c3c9e3,STVSK-1,CAMP_DIW_01,P15,3000,301.0,500 Cashback,2500,869
b17f27,STCBE-0,CAMP_DIW_01,P06,415,59.0,25% OFF,311,56
c7f28c,STBLR-0,CAMP_SAN_01,P15,3000,144.0,500 Cashback,2500,374
c22cf6,STCHE-6,CAMP_SAN_01,P12,62,58.0,50% OFF,31,81
28acbc,STBLR-2,CAMP_DIW_01,P10,65,105.0,50% OFF,32,132
2ba228,STCHE-5,CAMP_DIW_01,P02,860,316.0,33% OFF,576,388
0894b7,STCHE-3,CAMP_SAN_01,P08,1190,46.0,BOGOF,595,203
25902,STMYS-2,CAMP_DIW_01,P11,190,70.0,50% OFF,95,93
67f756,STHYD-5,CAMP_SAN_01,P13,350,111.0,BOGOF,175,441
deea3e,STMLR-1,CAMP_SAN_01,P14,1020,51.0,BOGOF,510,198
930325,STTRV-0,CAMP_SAN_01,P09,90,31.0,25% OFF,67,28
65a802,STMLR-1,CAMP_SAN_01,P05,55,13.0,25% OFF,41,10
93e61f,STBLR-4,CAMP_DIW_01,P10,65,92.0,50% OFF,32,120
107747,STHYD-1,CAMP_SAN_01,P02,860,488.0,33% OFF,576,580
ec5570,STVJD-1,CAMP_DIW_01,P10,65,71.0,50% OFF,32,95
fb9e95,STBLR-5,CAMP_DIW_01,P12,62,141.0,50% OFF,31,179
5c8834,STBLR-2,CAMP_SAN_01,P05,55,24.0,25% OFF,41,19
0951b6,STMYS-1,CAMP_DIW_01,P09,110,103.0,50% OFF,55,159
ce3c11,STHYD-4,CAMP_DIW_01,P14,1020,52.0,BOGOF,510,176
f1cd45,STVJD-1,CAMP_DIW_01,P11,190,50.0,50% OFF,95,64
4a8c38,STCHE-0,CAMP_SAN_01,P04,370,469.0,BOGOF,185,1861
955fa6,STHYD-5,CAMP_DIW_01,P12,62,161.0,50% OFF,31,209
e80ad8,STCHE-7,CAMP_DIW_01,P10,65,136.0,50% OFF,32,179
c6e3ae,STCHE-0,CAMP_SAN_01,P13,350,117.0,BOGOF,175,457
1c9eaa,STBLR-6,CAMP_DIW_01,P02,860,367.0,33% OFF,576,612
8ef678,STMYS-3,CAMP_DIW_01,P01,172,311.0,33% OFF,115,398
de1ced,STCHE-3,CAMP_DIW_01,P03,156,330.0,25% OFF,117,290
546cc3,STHYD-3,CAMP_SAN_01,P01,172,312.0,33% OFF,115,483
b5b0f5,STCBE-0,CAMP_SAN_01,P02,860,399.0,33% OFF,576,586
72f6b4,STTRV-0,CAMP_SAN_01,P02,860,241.0,33% OFF,576,344
be603f,STHYD-1,CAMP_DIW_01,P09,110,87.0,50% OFF,55,92
a9ee19,STBLR-1,CAMP_SAN_01,P08,1190,58.0,BOGOF,595,158
acf9c2,STCHE-4,CAMP_SAN_01,P01,172,235.0,33% OFF,115,329
af100a,STMLR-2,CAMP_SAN_01,P03,200,190.0,BOGOF,100,752
c15780,STVJD-1,CAMP_SAN_01,P04,370,183.0,BOGOF,185,708
eae38f,STVJD-1,CAMP_SAN_01,P13,350,73.0,BOGOF,175,286
939435,STMLR-2,CAMP_SAN_01,P07,300,24.0,BOGOF,150,96
d3f755,STCBE-1,CAMP_SAN_01,P08,1190,43.0,BOGOF,595,171
9faad8,STHYD-0,CAMP_SAN_01,P09,90,54.0,25% OFF,67,44
3adeb2,STMYS-0,CAMP_SAN_01,P14,1020,84.0,BOGOF,510,219
7b1d41,STMYS-2,CAMP_DIW_01,P14,1020,43.0,BOGOF,510,125
657a95,STCHE-4,CAMP_DIW_01,P12,62,126.0,50% OFF,31,168
3080c6,STVSK-4,CAMP_DIW_01,P14,1020,38.0,BOGOF,510,114
b6dd84,STVJD-1,CAMP_SAN_01,P01,172,166.0,33% OFF,115,225
b98ea0,STCHE-3,CAMP_SAN_01,P11,190,48.0,50% OFF,95,69
e12c11,STCHE-1,CAMP_SAN_01,P14,1020,112.0,BOGOF,510,294
333b7d,STHYD-6,CAMP_DIW_01,P08,1190,78.0,BOGOF,595,166
eb3bea,STVSK-2,CAMP_SAN_01,P15,3000,78.0,500 Cashback,2500,238
7b51be,STCHE-5,CAMP_SAN_01,P04,370,403.0,BOGOF,185,1587
c9fa13,STHYD-4,CAMP_SAN_01,P04,370,403.0,BOGOF,185,1567
2749b0,STCHE-5,CAMP_SAN_01,P11,190,34.0,50% OFF,95,39
41dc33,STHYD-1,CAMP_SAN_01,P10,50,36.0,25% OFF,37,29
4fe9ba,STVSK-2,CAMP_DIW_01,P07,300,45.0,BOGOF,150,150
874377,STHYD-3,CAMP_DIW_01,P02,860,365.0,33% OFF,576,616
26322a,STMLR-0,CAMP_DIW_01,P10,65,52.0,50% OFF,32,71
f1b7e9,STCHE-3,CAMP_DIW_01,P14,1020,52.0,BOGOF,510,211
cd0d8e,STMDU-2,CAMP_DIW_01,P11,190,66.0,50% OFF,95,77
37cb7c,STCHE-0,CAMP_DIW_01,P13,350,61.0,BOGOF,175,203
df5c15,STBLR-5,CAMP_DIW_01,P06,415,101.0,25% OFF,311,90
1ba928,STMDU-1,CAMP_DIW_01,P04,290,255.0,25% OFF,217,219
2d7f62,STCHE-2,CAMP_SAN_01,P11,190,58.0,50% OFF,95,68
69a46e,STCHE-2,CAMP_DIW_01,P01,172,320.0,33% OFF,115,416
8f512d,STCBE-3,CAMP_SAN_01,P04,370,364.0,BOGOF,185,1434
b41e58,STCBE-4,CAMP_DIW_01,P02,860,255.0,33% OFF,576,377
1bb04d,STCBE-3,CAMP_SAN_01,P01,172,240.0,33% OFF,115,355
fe94ae,STMYS-1,CAMP_SAN_01,P04,370,450.0,BOGOF,185,1984
fe68f2,STBLR-2,CAMP_SAN_01,P01,172,304.0,33% OFF,115,428
536fbf,STMLR-2,CAMP_DIW_01,P15,3000,217.0,500 Cashback,2500,659
fcf54a,STCHE-7,CAMP_DIW_01,P04,290,348.0,25% OFF,217,334
7c09bf,STVSK-4,CAMP_SAN_01,P10,50,21.0,25% OFF,37,15
79bfae,STMYS-2,CAMP_DIW_01,P10,65,134.0,50% OFF,32,182
7704c2,STBLR-7,CAMP_SAN_01,P04,370,382.0,BOGOF,185,1638
7b187a,STVSK-1,CAMP_SAN_01,P14,1020,82.0,BOGOF,510,322
bd2635,STHYD-5,CAMP_DIW_01,P04,290,327.0,25% OFF,217,310
2dc515,STMYS-3,CAMP_SAN_01,P01,172,232.0,33% OFF,115,294
cbf0ad,STCHE-6,CAMP_SAN_01,P03,200,358.0,BOGOF,100,1410
bed694,STTRV-1,CAMP_SAN_01,P10,50,15.0,25% OFF,37,14
15b3a7,STMYS-3,CAMP_DIW_01,P05,55,94.0,25% OFF,41,84
5f0a89,STBLR-3,CAMP_SAN_01,P15,3000,114.0,500 Cashback,2500,249
86755e,STCHE-4,CAMP_SAN_01,P07,300,78.0,BOGOF,150,191
b0cc1e,STBLR-9,CAMP_SAN_01,P02,860,610.0,33% OFF,576,847
9871ea,STVSK-1,CAMP_SAN_01,P10,50,25.0,25% OFF,37,18
30f1c0,STVJD-1,CAMP_SAN_01,P07,300,22.0,BOGOF,150,88
ad1849,STCHE-1,CAMP_DIW_01,P05,55,119.0,25% OFF,41,107
72f1c0,STVSK-4,CAMP_DIW_01,P11,190,57.0,50% OFF,95,72
2db607,STCBE-1,CAMP_DIW_01,P14,1020,40.0,BOGOF,510,136
cefb49,STMYS-3,CAMP_DIW_01,P02,860,322.0,33% OFF,576,386
7b49ce,STVJD-1,CAMP_DIW_01,P15,3000,224.0,500 Cashback,2500,685
dafaa4,STVJD-1,CAMP_SAN_01,P05,55,13.0,25% OFF,41,9
3b086a,STBLR-4,CAMP_SAN_01,P06,415,36.0,25% OFF,311,29
9154f0,STCHE-4,CAMP_DIW_01,P11,190,91.0,50% OFF,95,123
c405b3,STCBE-2,CAMP_DIW_01,P04,290,252.0,25% OFF,217,221
3a3e96,STBLR-6,CAMP_DIW_01,P07,300,68.0,BOGOF,150,263
240703,STHYD-5,CAMP_SAN_01,P02,860,471.0,33% OFF,576,659
ce39e4,STMLR-1,CAMP_DIW_01,P13,350,42.0,BOGOF,175,145
262ff3,STVSK-0,CAMP_DIW_01,P13,350,47.0,BOGOF,175,161
581ca5,STMDU-0,CAMP_SAN_01,P13,350,90.0,BOGOF,175,371
660f7c,STMYS-1,CAMP_SAN_01,P07,300,43.0,BOGOF,150,186
837127,STVJD-0,CAMP_DIW_01,P03,156,208.0,25% OFF,117,197
136c14,STHYD-1,CAMP_SAN_01,P03,200,328.0,BOGOF,100,833
9953ec,STTRV-0,CAMP_SAN_01,P04,370,187.0,BOGOF,185,733
c4123e,STCHE-7,CAMP_DIW_01,P02,860,336.0,33% OFF,576,507
f78e86,STCHE-3,CAMP_DIW_01,P06,415,77.0,25% OFF,311,67
71a7a0,STCHE-6,CAMP_DIW_01,P14,1020,59.0,BOGOF,510,195
f9d2c6,STBLR-9,CAMP_SAN_01,P14,1020,111.0,BOGOF,510,429
2c0a90,STMDU-2,CAMP_SAN_01,P12,62,36.0,50% OFF,31,42
79577d,STBLR-9,CAMP_DIW_01,P03,156,348.0,25% OFF,117,337
b27f2a,STBLR-6,CAMP_SAN_01,P10,50,37.0,25% OFF,37,30
e411c6,STHYD-4,CAMP_DIW_01,P15,3000,323.0,500 Cashback,2500,965
e116d8,STVSK-4,CAMP_DIW_01,P12,62,98.0,50% OFF,31,133
620715,STMYS-3,CAMP_SAN_01,P03,200,340.0,BOGOF,100,1485
922e6a,STBLR-8,CAMP_SAN_01,P05,55,34.0,25% OFF,41,24
13a676,STCBE-4,CAMP_DIW_01,P01,172,203.0,33% OFF,115,296
a85a9a,STHYD-2,CAMP_SAN_01,P10,50,42.0,25% OFF,37,31
3ce076,STMLR-1,CAMP_DIW_01,P11,190,38.0,50% OFF,95,50
faeeb8,STHYD-2,CAMP_DIW_01,P09,110,80.0,50% OFF,55,107
4eb35e,STCHE-6,CAMP_SAN_01,P04,370,483.0,BOGOF,185,1907
415f7e,STVSK-2,CAMP_SAN_01,P07,300,24.0,BOGOF,150,93
407f1c,STBLR-2,CAMP_SAN_01,P13,350,117.0,BOGOF,175,469
62e500,STCHE-7,CAMP_DIW_01,P01,172,346.0,33% OFF,115,505
4ab3c2,STVSK-1,CAMP_DIW_01,P09,110,64.0,50% OFF,55,81
0f1be6,STCBE-2,CAMP_DIW_01,P12,62,89.0,50% OFF,31,129
53089f,STTRV-0,CAMP_DIW_01,P07,300,26.0,BOGOF,150,87
1142fd,STVSK-3,CAMP_DIW_01,P05,55,71.0,25% OFF,41,63
3b54c7,STHYD-3,CAMP_DIW_01,P04,290,367.0,25% OFF,217,297
a6e691,STCHE-0,CAMP_SAN_01,P03,200,294.0,BOGOF,100,1134
bea96f,STVSK-2,CAMP_SAN_01,P14,1020,64.0,BOGOF,510,250
1507,STMDU-3,CAMP_DIW_01,P09,110,57.0,50% OFF,55,61
d3227b,STMYS-2,CAMP_DIW_01,P04,290,343.0,25% OFF,217,312
daff65,STMLR-0,CAMP_DIW_01,P11,190,78.0,50% OFF,95,45
127984,STMLR-2,CAMP_DIW_01,P04,290,141.0,25% OFF,217,125
77c6d5,STCHE-1,CAMP_DIW_01,P09,110,59.0,50% OFF,55,67
457639,STCHE-4,CAMP_SAN_01,P08,1190,54.0,BOGOF,595,222
f3ac85,STBLR-5,CAMP_SAN_01,P03,200,348.0,BOGOF,100,1350
7fc923,STTRV-0,CAMP_SAN_01,P08,1190,19.0,BOGOF,595,74
eaa64b,STBLR-3,CAMP_SAN_01,P09,90,58.0,25% OFF,67,43
b58c2d,STMYS-0,CAMP_SAN_01,P02,860,499.0,33% OFF,576,703
8d14e2,STBLR-8,CAMP_DIW_01,P05,55,105.0,25% OFF,41,82
fe1c63,STMYS-3,CAMP_DIW_01,P11,190,71.0,50% OFF,95,76
2e0f86,STMDU-2,CAMP_DIW_01,P12,62,71.0,50% OFF,31,80
fe72b2,STHYD-3,CAMP_SAN_01,P13,350,133.0,BOGOF,175,337
fb70b4,STCHE-2,CAMP_DIW_01,P03,156,355.0,25% OFF,117,347
0d23fe,STVSK-4,CAMP_DIW_01,P09,110,63.0,50% OFF,55,86
1cfaa8,STBLR-2,CAMP_SAN_01,P08,1190,43.0,BOGOF,595,166
6.59E+23,STVJD-0,CAMP_SAN_01,P01,172,186.0,33% OFF,115,252
e7bdad,STMLR-1,CAMP_DIW_01,P14,1020,24.0,BOGOF,510,80
6cb844,STBLR-3,CAMP_SAN_01,P10,50,28.0,25% OFF,37,21
6a7fa1,STVJD-1,CAMP_SAN_01,P14,1020,61.0,BOGOF,510,243
5ab1d5,STCHE-6,CAMP_DIW_01,P06,415,98.0,25% OFF,311,76
d9d3f4,STMYS-1,CAMP_DIW_01,P10,65,103.0,50% OFF,32,158
68718c,STCHE-0,CAMP_DIW_01,P04,290,309.0,25% OFF,217,265
e78335,STMDU-1,CAMP_DIW_01,P03,156,281.0,25% OFF,117,244
0f422c,STBLR-0,CAMP_DIW_01,P14,1020,42.0,BOGOF,510,168
0ae76a,STMLR-1,CAMP_SAN_01,P11,190,21.0,50% OFF,95,30
114087,STHYD-3,CAMP_SAN_01,P06,415,28.0,25% OFF,311,20
c16abb,STCHE-7,CAMP_SAN_01,P08,1190,42.0,BOGOF,595,186
d81627,STCBE-2,CAMP_SAN_01,P04,370,355.0,BOGOF,185,1508
8dca75,STBLR-5,CAMP_DIW_01,P13,350,71.0,BOGOF,175,248
459bc3,STBLR-8,CAMP_SAN_01,P13,350,97.0,BOGOF,175,378
29524a,STBLR-9,CAMP_SAN_01,P10,50,40.0,25% OFF,37,36
3bcf8b,STCHE-6,CAMP_SAN_01,P14,1020,138.0,BOGOF,510,547
69557f,STBLR-1,CAMP_DIW_01,P10,65,106.0,50% OFF,32,137
508621,STCBE-2,CAMP_SAN_01,P02,860,508.0,33% OFF,576,751
6562df,STCBE-1,CAMP_SAN_01,P14,1020,78.0,BOGOF,510,310
fc376a,STHYD-0,CAMP_SAN_01,P14,1020,106.0,BOGOF,510,422
2186aa,STCBE-3,CAMP_SAN_01,P05,55,19.0,25% OFF,41,15
5bbf38,STBLR-0,CAMP_DIW_01,P09,110,78.0,50% OFF,55,104
24541f,STBLR-1,CAMP_SAN_01,P13,350,111.0,BOGOF,175,290
a929ed,STHYD-5,CAMP_DIW_01,P03,156,358.0,25% OFF,117,347
44838e,STVJD-1,CAMP_DIW_01,P06,415,49.0,25% OFF,311,40
63ef11,STCBE-4,CAMP_SAN_01,P09,90,46.0,25% OFF,67,38
1e8961,STBLR-3,CAMP_SAN_01,P12,62,61.0,50% OFF,31,84
371e1a,STBLR-5,CAMP_DIW_01,P01,172,322.0,33% OFF,115,483
207744,STBLR-0,CAMP_SAN_01,P12,62,52.0,50% OFF,31,75
b838cd,STTRV-1,CAMP_DIW_01,P01,172,147.0,33% OFF,115,214
f2d468,STTRV-0,CAMP_SAN_01,P03,200,190.0,BOGOF,100,741
35418e,STTRV-0,CAMP_DIW_01,P14,1020,21.0,BOGOF,510,70
f34069,STBLR-9,CAMP_SAN_01,P09,90,61.0,25% OFF,67,57
be65d7,STTRV-0,CAMP_DIW_01,P12,62,54.0,50% OFF,31,68
c381ea,STMLR-1,CAMP_SAN_01,P08,1190,27.0,BOGOF,595,106
fc9ab7,STCBE-1,CAMP_DIW_01,P08,1190,40.0,BOGOF,595,140
f8b6ac,STCHE-4,CAMP_DIW_01,P02,860,400.0,33% OFF,576,580
6a7668,STCHE-4,CAMP_SAN_01,P15,3000,112.0,500 Cashback,2500,321
380a4f,STCHE-1,CAMP_DIW_01,P08,1190,45.0,BOGOF,595,137
380012,STMDU-3,CAMP_DIW_01,P06,415,56.0,25% OFF,311,50
fb508c,STBLR-9,CAMP_DIW_01,P15,3000,358.0,500 Cashback,2500,1070
6d24bc,STMDU-2,CAMP_DIW_01,P03,156,206.0,25% OFF,117,179
c4006c,STCBE-3,CAMP_DIW_01,P15,3000,243.0,500 Cashback,2500,724
9387d1,STHYD-6,CAMP_DIW_01,P02,860,329.0,33% OFF,576,470
8ff468,STVJD-0,CAMP_SAN_01,P03,200,193.0,BOGOF,100,773
bb62b3,STHYD-6,CAMP_SAN_01,P03,200,378.0,BOGOF,100,1459
716a3b,STCHE-5,CAMP_SAN_01,P14,1020,130.0,BOGOF,510,514
47af00,STVJD-1,CAMP_DIW_01,P03,156,183.0,25% OFF,117,150
32efe6,STVSK-3,CAMP_SAN_01,P08,1190,30.0,BOGOF,595,81
835bbe,STHYD-4,CAMP_SAN_01,P09,90,54.0,25% OFF,67,49
e39703,STBLR-9,CAMP_DIW_01,P08,1190,47.0,BOGOF,595,163
8a7e7e,STMYS-0,CAMP_SAN_01,P03,200,333.0,BOGOF,100,869
2fe1bb,STCHE-1,CAMP_SAN_01,P04,370,460.0,BOGOF,185,1168
8d5095,STCBE-2,CAMP_DIW_01,P15,3000,234.0,500 Cashback,2500,840
855f49,STBLR-3,CAMP_SAN_01,P04,370,481.0,BOGOF,185,1890
eb5927,STMDU-1,CAMP_SAN_01,P06,415,21.0,25% OFF,311,17
1bfbb8,STCHE-7,CAMP_DIW_01,P12,62,171.0,50% OFF,31,222
348fe6,STBLR-8,CAMP_DIW_01,P01,172,332.0,33% OFF,115,471
06749d,STMDU-2,CAMP_DIW_01,P09,110,47.0,50% OFF,55,54
f957f1,STMDU-1,CAMP_SAN_01,P10,50,22.0,25% OFF,37,18
d60641,STHYD-0,CAMP_DIW_01,P03,156,351.0,25% OFF,117,305
742ad5,STBLR-4,CAMP_DIW_01,P02,860,357.0,33% OFF,576,549
613571,STTRV-1,CAMP_DIW_01,P15,3000,168.0,500 Cashback,2500,514
32d8f2,STCHE-5,CAMP_SAN_01,P05,55,31.0,25% OFF,41,26
4c1375,STHYD-4,CAMP_DIW_01,P10,65,148.0,50% OFF,32,196
ec9948,STCBE-2,CAMP_DIW_01,P05,55,99.0,25% OFF,41,86
5487a6,STBLR-0,CAMP_DIW_01,P03,156,358.0,25% OFF,117,315
b94bda,STMYS-0,CAMP_DIW_01,P13,350,56.0,BOGOF,175,168
fea4be,STMYS-3,CAMP_SAN_01,P07,300,30.0,BOGOF,150,129
d1bfe5,STMDU-2,CAMP_DIW_01,P02,860,301.0,33% OFF,576,385
e2c5f7,STTRV-0,CAMP_DIW_01,P08,1190,31.0,BOGOF,595,102
10a8b7,STMYS-2,CAMP_SAN_01,P12,62,61.0,50% OFF,31,87
3153d6,STCBE-4,CAMP_SAN_01,P02,860,396.0,33% OFF,576,558
987463,STBLR-0,CAMP_SAN_01,P07,300,45.0,BOGOF,150,185
d730ac,STCHE-0,CAMP_SAN_01,P06,415,31.0,25% OFF,311,26
d3d442,STBLR-5,CAMP_SAN_01,P15,3000,166.0,500 Cashback,2500,396
09d857,STHYD-5,CAMP_DIW_01,P02,860,386.0,33% OFF,576,594
f22294,STMYS-1,CAMP_SAN_01,P01,172,345.0,33% OFF,115,520
ef6d6d,STBLR-2,CAMP_SAN_01,P14,1020,88.0,BOGOF,510,346
dcaa89,STHYD-6,CAMP_SAN_01,P13,350,100.0,BOGOF,175,403
d4b484,STHYD-2,CAMP_DIW_01,P10,65,140.0,50% OFF,32,186
1fcb3a,STVSK-4,CAMP_DIW_01,P05,55,89.0,25% OFF,41,72
f8e037,STHYD-2,CAMP_DIW_01,P08,1190,52.0,BOGOF,595,175
902a62,STHYD-2,CAMP_DIW_01,P06,415,96.0,25% OFF,311,77
a7aa70,STMDU-2,CAMP_SAN_01,P11,190,25.0,50% OFF,95,28
a40872,STBLR-7,CAMP_DIW_01,P14,1020,47.0,BOGOF,510,189
292d0a,STMDU-0,CAMP_SAN_01,P01,172,219.0,33% OFF,115,304
ebc2d2,STVSK-4,CAMP_DIW_01,P06,415,70.0,25% OFF,311,53
c23e33,STHYD-6,CAMP_SAN_01,P11,190,49.0,50% OFF,95,69
4858ab,STBLR-7,CAMP_SAN_01,P14,1020,124.0,BOGOF,510,514
349c73,STCHE-2,CAMP_DIW_01,P14,1020,57.0,BOGOF,510,189
9d9a6c,STCBE-1,CAMP_SAN_01,P15,3000,82.0,500 Cashback,2500,190
cf6323,STTRV-0,CAMP_DIW_01,P15,3000,190.0,500 Cashback,2500,547
6e79d3,STBLR-2,CAMP_SAN_01,P04,370,373.0,BOGOF,185,1439
27c86c,STBLR-2,CAMP_DIW_01,P06,415,92.0,25% OFF,311,81
918a17,STVSK-1,CAMP_DIW_01,P14,1020,26.0,BOGOF,510,91
3df185,STCBE-2,CAMP_DIW_01,P11,190,40.0,50% OFF,95,62
aa54a7,STHYD-1,CAMP_DIW_01,P13,350,91.0,BOGOF,175,281
268b09,STMLR-1,CAMP_SAN_01,P13,350,49.0,BOGOF,175,189
34e00a,STCBE-1,CAMP_DIW_01,P11,190,61.0,50% OFF,95,65
7912c8,STVSK-3,CAMP_SAN_01,P05,55,19.0,25% OFF,41,15
eb3ac8,STHYD-0,CAMP_SAN_01,P06,415,42.0,25% OFF,311,34
6e5da9,STVJD-0,CAMP_SAN_01,P11,190,25.0,50% OFF,95,35
d1e51d,STCBE-4,CAMP_DIW_01,P07,300,42.0,BOGOF,150,130
9ebcf9,STVSK-4,CAMP_DIW_01,P10,65,80.0,50% OFF,32,109
e7769b,STHYD-5,CAMP_DIW_01,P15,3000,357.0,500 Cashback,2500,1046
42ba27,STBLR-2,CAMP_DIW_01,P05,55,115.0,25% OFF,41,101
c74866,STBLR-5,CAMP_DIW_01,P10,65,115.0,50% OFF,32,151
abffa2,STCHE-5,CAMP_DIW_01,P07,300,59.0,BOGOF,150,206
cf0ccd,STVSK-1,CAMP_DIW_01,P08,1190,35.0,BOGOF,595,117
b2270b,STHYD-0,CAMP_DIW_01,P07,300,52.0,BOGOF,150,173
0eb41f,STVSK-2,CAMP_SAN_01,P01,172,232.0,33% OFF,115,364
6c43b6,STMLR-1,CAMP_DIW_01,P07,300,29.0,BOGOF,150,97
ae288b,STMYS-0,CAMP_DIW_01,P11,190,89.0,50% OFF,95,113
985960,STCBE-4,CAMP_SAN_01,P06,415,21.0,25% OFF,311,17
cf2a34,STHYD-3,CAMP_DIW_01,P06,415,106.0,25% OFF,311,81
8f1624,STVJD-0,CAMP_DIW_01,P10,65,57.0,50% OFF,32,75
d7e3d8,STVJD-1,CAMP_DIW_01,P13,350,36.0,BOGOF,175,124
6bb477,STHYD-1,CAMP_DIW_01,P04,290,318.0,25% OFF,217,276
642b50,STMYS-1,CAMP_DIW_01,P14,1020,36.0,BOGOF,510,145
35a25f,STBLR-9,CAMP_DIW_01,P11,190,75.0,50% OFF,95,98
f3de30,STMLR-1,CAMP_SAN_01,P12,62,31.0,50% OFF,31,45
308de6,STMDU-2,CAMP_DIW_01,P01,172,225.0,33% OFF,115,279
691b63,STCHE-6,CAMP_DIW_01,P15,3000,432.0,500 Cashback,2500,1291
598637,STCHE-7,CAMP_DIW_01,P09,110,71.0,50% OFF,55,90
4f7c26,STCBE-4,CAMP_DIW_01,P15,3000,316.0,500 Cashback,2500,818
58df9b,STCBE-2,CAMP_DIW_01,P02,860,183.0,33% OFF,576,327
90f2d8,STMDU-2,CAMP_DIW_01,P10,65,61.0,50% OFF,32,71
8fecef,STCHE-1,CAMP_DIW_01,P07,300,75.0,BOGOF,150,217
38bf1b,STCHE-1,CAMP_SAN_01,P05,55,30.0,25% OFF,41,25
7d89b1,STVSK-3,CAMP_DIW_01,P08,1190,45.0,BOGOF,595,138
8f9cc5,STMLR-1,CAMP_DIW_01,P08,1190,29.0,BOGOF,595,100
9ff8d2,STBLR-1,CAMP_DIW_01,P06,415,87.0,25% OFF,311,82
c11cad,STMYS-2,CAMP_SAN_01,P09,90,61.0,25% OFF,67,50
6f3e24,STHYD-6,CAMP_DIW_01,P15,3000,388.0,500 Cashback,2500,1129
b00eeb,STCHE-0,CAMP_SAN_01,P08,1190,51.0,BOGOF,595,196
fe7b5d,STHYD-2,CAMP_SAN_01,P03,200,472.0,BOGOF,100,1902
605f5e,STVJD-0,CAMP_DIW_01,P06,415,52.0,25% OFF,311,50
4cd232,STVJD-0,CAMP_DIW_01,P14,1020,28.0,BOGOF,510,92
367e8d,STCBE-2,CAMP_SAN_01,P07,300,30.0,BOGOF,150,123
11a64e,STCHE-7,CAMP_SAN_01,P06,415,31.0,25% OFF,311,28
b79fd9,STVJD-1,CAMP_DIW_01,P04,290,150.0,25% OFF,217,123
c5176d,STCBE-2,CAMP_SAN_01,P01,172,196.0,33% OFF,115,307
c3b647,STCHE-5,CAMP_SAN_01,P08,1190,64.0,BOGOF,595,256
14f1e9,STBLR-4,CAMP_DIW_01,P08,1190,49.0,BOGOF,595,163
5f29e7,STMLR-1,CAMP_DIW_01,P12,62,71.0,50% OFF,31,90
896c2a,STTRV-0,CAMP_DIW_01,P04,290,180.0,25% OFF,217,171
a37110,STHYD-0,CAMP_DIW_01,P04,290,367.0,25% OFF,217,330
bf49bf,STCHE-4,CAMP_SAN_01,P14,1020,111.0,BOGOF,510,473
260ff2,STMYS-2,CAMP_SAN_01,P01,172,204.0,33% OFF,115,291
8b751b,STMLR-0,CAMP_SAN_01,P05,55,15.0,25% OFF,41,12
388a78,STMDU-0,CAMP_SAN_01,P03,200,307.0,BOGOF,100,1277
182caa,STCHE-5,CAMP_SAN_01,P06,415,39.0,25% OFF,311,33
9d7bd2,STCHE-5,CAMP_DIW_01,P03,156,413.0,25% OFF,117,375
19bc3b,STMDU-1,CAMP_DIW_01,P09,110,78.0,50% OFF,55,62
fc3573,STMYS-2,CAMP_SAN_01,P08,1190,61.0,BOGOF,595,163
34a266,STMLR-0,CAMP_DIW_01,P08,1190,24.0,BOGOF,595,70
24054f,STBLR-4,CAMP_DIW_01,P09,110,89.0,50% OFF,55,116
05d8e7,STMYS-1,CAMP_SAN_01,P12,62,45.0,50% OFF,31,71
480431,STVSK-2,CAMP_SAN_01,P04,370,408.0,BOGOF,185,1607
4ff977,STVSK-4,CAMP_DIW_01,P15,3000,292.0,500 Cashback,2500,750
b017e0,STMDU-3,CAMP_DIW_01,P02,860,276.0,33% OFF,576,345
5b357f,STMDU-1,CAMP_DIW_01,P15,3000,322.0,500 Cashback,2500,985
1f8bc3,STCBE-2,CAMP_DIW_01,P01,172,190.0,33% OFF,115,313
5dda21,STCBE-0,CAMP_SAN_01,P14,1020,69.0,BOGOF,510,274
572031,STBLR-6,CAMP_SAN_01,P03,200,423.0,BOGOF,100,1734
f5ff07,STCHE-6,CAMP_DIW_01,P11,190,80.0,50% OFF,95,100
b484bd,STTRV-1,CAMP_DIW_01,P06,415,36.0,25% OFF,311,34
a340fc,STBLR-4,CAMP_DIW_01,P05,55,136.0,25% OFF,41,121
fe2fe7,STCHE-4,CAMP_DIW_01,P05,55,127.0,25% OFF,41,115
db8aa8,STTRV-1,CAMP_SAN_01,P03,200,193.0,BOGOF,100,746
cc5ed4,STMYS-2,CAMP_DIW_01,P03,156,444.0,25% OFF,117,395
b456c0,STBLR-3,CAMP_DIW_01,P06,415,91.0,25% OFF,311,72
6ae178,STCHE-7,CAMP_SAN_01,P10,50,30.0,25% OFF,37,28
17edbc,STMYS-1,CAMP_DIW_01,P03,156,281.0,25% OFF,117,230
d0f417,STCBE-4,CAMP_DIW_01,P12,62,89.0,50% OFF,31,112
a83e09,STMDU-3,CAMP_SAN_01,P07,300,22.0,BOGOF,150,88
2b41a0,STBLR-3,CAMP_SAN_01,P02,860,450.0,33% OFF,576,634
a386d9,STCHE-2,CAMP_SAN_01,P09,90,54.0,25% OFF,67,50
dabee8,STBLR-1,CAMP_SAN_01,P05,55,19.0,25% OFF,41,17
39d354,STMYS-0,CAMP_DIW_01,P06,415,57.0,25% OFF,311,49
1620ea,STMYS-3,CAMP_DIW_01,P06,415,101.0,25% OFF,311,89
a304b6,STHYD-3,CAMP_DIW_01,P03,156,285.0,25% OFF,117,222
333ef0,STHYD-0,CAMP_DIW_01,P14,1020,47.0,BOGOF,510,163
75f9b8,STCHE-4,CAMP_SAN_01,P06,415,27.0,25% OFF,311,22
e207f7,STCHE-1,CAMP_DIW_01,P11,190,77.0,50% OFF,95,83
7ae5f8,STCHE-7,CAMP_DIW_01,P11,190,87.0,50% OFF,95,114
567271,STMDU-0,CAMP_DIW_01,P10,65,78.0,50% OFF,32,102
fe4bf5,STCHE-4,CAMP_DIW_01,P06,415,91.0,25% OFF,311,80
e716e7,STBLR-7,CAMP_DIW_01,P09,110,78.0,50% OFF,55,117
367337,STCHE-6,CAMP_SAN_01,P09,90,81.0,25% OFF,67,60
98c85b,STMLR-2,CAMP_DIW_01,P13,350,38.0,BOGOF,175,133
00a25a,STCHE-3,CAMP_SAN_01,P12,62,64.0,50% OFF,31,89
bbf357,STVSK-4,CAMP_SAN_01,P11,190,40.0,50% OFF,95,57
d0fd0e,STBLR-0,CAMP_SAN_01,P11,190,43.0,50% OFF,95,62
9d63a7,STHYD-6,CAMP_SAN_01,P08,1190,43.0,BOGOF,595,166
466d6c,STMYS-1,CAMP_SAN_01,P11,190,31.0,50% OFF,95,50
686a37,STBLR-0,CAMP_SAN_01,P14,1020,85.0,BOGOF,510,350
a10402,STVSK-2,CAMP_SAN_01,P02,860,295.0,33% OFF,576,436
cbe691,STBLR-0,CAMP_DIW_01,P10,65,103.0,50% OFF,32,134
2eb400,STBLR-5,CAMP_SAN_01,P07,300,52.0,BOGOF,150,207
811007,STBLR-9,CAMP_SAN_01,P05,55,27.0,25% OFF,41,25
68c31e,STBLR-7,CAMP_SAN_01,P08,1190,54.0,BOGOF,595,235
2f3e5d,STCHE-2,CAMP_SAN_01,P01,172,333.0,33% OFF,115,402
5db3e3,STBLR-2,CAMP_DIW_01,P13,350,78.0,BOGOF,175,274
d04c7f,STBLR-9,CAMP_SAN_01,P07,300,40.0,BOGOF,150,159
3459ec,STCHE-3,CAMP_SAN_01,P02,860,468.0,33% OFF,576,636
2b0db4,STMLR-2,CAMP_DIW_01,P14,1020,21.0,BOGOF,510,73
7d9576,STBLR-7,CAMP_SAN_01,P15,3000,120.0,500 Cashback,2500,345
3f34d5,STCBE-2,CAMP_DIW_01,P09,110,50.0,50% OFF,55,80
5760fd,STCBE-1,CAMP_SAN_01,P13,350,87.0,BOGOF,175,346
cf9994,STCHE-5,CAMP_SAN_01,P10,50,37.0,25% OFF,37,31
37cb87,STBLR-1,CAMP_SAN_01,P07,300,46.0,BOGOF,150,115
115760,STMDU-2,CAMP_DIW_01,P07,300,43.0,BOGOF,150,147
d76198,STCHE-4,CAMP_DIW_01,P08,1190,54.0,BOGOF,595,213
8937eb,STCHE-1,CAMP_DIW_01,P03,156,357.0,25% OFF,117,317
f4192d,STMYS-1,CAMP_DIW_01,P11,190,84.0,50% OFF,95,121
368ca0,STBLR-4,CAMP_SAN_01,P04,370,432.0,BOGOF,185,1736
4.47E+06,STVJD-0,CAMP_SAN_01,P04,370,253.0,BOGOF,185,1017
f3d93f,STHYD-4,CAMP_DIW_01,P09,110,73.0,50% OFF,55,95
0179b3,STMLR-2,CAMP_SAN_01,P05,55,15.0,25% OFF,41,12
6ae240,STBLR-4,CAMP_SAN_01,P13,350,94.0,BOGOF,175,371
75ad53,STVJD-1,CAMP_DIW_01,P05,55,59.0,25% OFF,41,48
f2d198,STTRV-1,CAMP_DIW_01,P03,156,166.0,25% OFF,117,157
57576d,STBLR-5,CAMP_SAN_01,P08,1190,49.0,BOGOF,595,194
3ace0f,STVSK-2,CAMP_DIW_01,P09,110,64.0,50% OFF,55,98
c5f80e,STCHE-1,CAMP_DIW_01,P14,1020,43.0,BOGOF,510,125
1dd472,STMLR-1,CAMP_SAN_01,P04,370,220.0,BOGOF,185,886
8cee6d,STCBE-3,CAMP_DIW_01,P14,1020,22.0,BOGOF,510,73
317699,STCHE-2,CAMP_SAN_01,P03,200,310.0,BOGOF,100,1246
8f5618,STBLR-1,CAMP_DIW_01,P04,290,302.0,25% OFF,217,289
f41ca1,STCBE-2,CAMP_DIW_01,P07,300,42.0,BOGOF,150,166
c95efb,STBLR-7,CAMP_DIW_01,P15,3000,416.0,500 Cashback,2500,1389
b5cd07,STVSK-3,CAMP_SAN_01,P01,172,222.0,33% OFF,115,275
e17280,STVSK-2,CAMP_DIW_01,P08,1190,38.0,BOGOF,595,129
3d7dc9,STCHE-1,CAMP_DIW_01,P10,65,127.0,50% OFF,32,133
bb974d,STBLR-2,CAMP_SAN_01,P03,200,307.0,BOGOF,100,1200
ff3c54,STCHE-3,CAMP_SAN_01,P05,55,24.0,25% OFF,41,19
655aa2,STHYD-0,CAMP_DIW_01,P10,65,112.0,50% OFF,32,170
c0929c,STHYD-0,CAMP_SAN_01,P05,55,18.0,25% OFF,41,14
9bd616,STCHE-0,CAMP_DIW_01,P01,172,330.0,33% OFF,115,504
fe4a15,STCBE-4,CAMP_SAN_01,P01,172,205.0,33% OFF,115,284
2f0b42,STVSK-1,CAMP_SAN_01,P01,172,78.0,33% OFF,115,302
339bf7,STCHE-5,CAMP_DIW_01,P05,55,127.0,25% OFF,41,109
d70dcb,STCBE-4,CAMP_SAN_01,P15,3000,90.0,500 Cashback,2500,146
